,Year,County,Jan,Feb,Mar,Apr,May,Jun,Jul,Aug,Sep,Oct,Nov,Dec
0,1970,Atlantic,25.1,33.2,37.6,49.2,61.4,68.6,73.4,74.2,69.4,57.6,46.8,35.8
1,1971,Atlantic,28.4,35,39.3,48.2,57.6,70,73.1,71.7,68.3,61.3,44.6,41.4
2,1972,Atlantic,34.4,32.4,39.4,47.5,59.5,66.2,74.7,72.5,67,51.3,43.4,40.9
3,1973,Atlantic,34.6,33.1,46.6,51.6,58.3,71.8,74.9,75.2,67.7,57.3,47,38.6
4,1974,Atlantic,37.3,32,43.3,53.4,60.1,67.4,74.6,73.7,65.9,51.9,46,38.4
5,1975,Atlantic,36.7,35.6,39.8,46,63.1,69.7,74,74.4,63.9,59.2,49.8,36.6
6,1976,Atlantic,29.4,40.4,44.8,53.3,59.6,71.3,73,72,65.3,51.4,39.8,30.9
7,1977,Atlantic,21.4,33.7,46.4,53.2,62.6,67.6,75.6,74.9,69,54.2,48.2,34.8
8,1978,Atlantic,29.3,24.2,38.3,49.7,57.6,68.6,71.8,75.6,64.7,53.8,47.3,37.7
9,1979,Atlantic,32.1,22.9,44.7,50.1,62.1,66.3,73.6,72.9,66.4,54.4,49.4,38.4
10,1980,Atlantic,32.1,29.7,39.4,52.3,63,67.5,75.4,76,69.5,53.6,42.7,33
11,1981,Atlantic,25.8,37.3,39.8,53.8,60.7,70.8,76.1,71.6,66.1,52.6,44.8,34.4
12,1982,Atlantic,24.7,34.7,41.1,48.4,61.9,67.2,74.4,70.4,64.7,54.7,47.8,41
13,1983,Atlantic,33.3,34.2,43.6,50.4,59.4,69.7,76.8,75,67.6,55.7,46.3,33.6
14,1984,Atlantic,27.3,39.1,36.4,49.2,60,72.2,73.4,74.8,64.2,60.4,43.9,42.8
15,1985,Atlantic,26.9,34.9,44,54.1,63.1,68.1,74.8,72.5,67.6,57.7,51.4,32.7
16,1986,Atlantic,32.3,31.4,42.8,50.2,63.1,70.3,75.8,71.7,66,56.9,44.9,37.9
17,1987,Atlantic,31.5,31.2,42.6,49.6,61.7,71.6,76.8,72.6,67.2,51.2,47.4,38.2
18,1988,Atlantic,27.4,34.4,42.5,48.8,60.1,69.1,76.3,75.6,64.3,50.1,46.2,34.3
19,1989,Atlantic,36.4,34.2,41,49.5,59.6,72.3,73.6,73,67.2,57,44.6,24.9
20,1990,Atlantic,40.1,40.8,44.7,51.1,59.3,69.9,75.1,73.3,64.7,59.7,47.9,41.6
21,1991,Atlantic,34.2,38.7,44.2,53,66.4,71.2,76.2,75.3,65.7,56.3,46.3,39.4
22,1992,Atlantic,34.3,35.8,39.6,49.3,57.3,67,74,70.5,66.2,52.2,46,37.3
23,1993,Atlantic,37.3,30.6,38.4,50.6,62,69.9,77.1,74,66.9,54,45.6,35.3
24,1994,Atlantic,27,31.4,40.9,55.3,58.2,72.6,77.3,70.6,64.8,53.6,50.1,40.6
25,1995,Atlantic,37.7,31.2,44,50.5,60,69.2,77,74.4,67.1,59.1,41.9,31.9
26,1996,Atlantic,31.8,33.7,37.4,51.4,58.8,70.9,72.6,72.2,67.9,55.3,40.6,40.1
27,1997,Atlantic,32.7,39.7,43,49.4,57.8,67.9,74.9,72.2,66,55.4,44,38
28,1998,Atlantic,40.6,40.5,44.2,53.2,63.1,69.7,75.1,74.6,69.8,56.4,45.9,40.7
29,1999,Atlantic,36.2,36.5,41,50.9,60.8,70.3,78.2,74.8,68.2,54.8,50.2,39.7
30,2000,Atlantic,31.9,37.7,46.6,50.4,62.7,71.8,72,72.5,65.5,56.5,44,30.3
31,2001,Atlantic,31.7,36.9,39.6,52.2,61.8,72.4,71.6,76.1,65.6,56.3,50.1,42.8
32,2002,Atlantic,38.4,39,44.7,55,60.7,70.8,76.7,76.6,68.6,56.9,44.6,35.4
33,2003,Atlantic,28.4,30.2,42.8,49.7,56.6,68.6,75.4,75.9,68.8,54.5,50.4,37
34,2004,Atlantic,27.2,34.7,43.9,52.4,67,70,74.8,73.1,68.7,54.9,47.4,37.4
35,2005,Atlantic,32.6,35.7,38.7,52.1,56.5,71.7,76.8,77.1,71.2,57.9,49,34.8
36,2006,Atlantic,40.7,35.6,42.9,54.2,61.8,70.5,77.2,76,65.8,55.4,51.2,43.2
37,2007,Atlantic,39.2,29.2,42.8,49.8,62.9,71,74.6,74.9,69,63.5,45.5,38
38,2008,Atlantic,36,37.8,43.6,53.6,59.1,74.1,77,72.6,68.6,55.3,45.2,39.3
39,2009,Atlantic,29.9,37,41.8,53.4,61.9,68.4,73.4,76.4,66.1,55.4,50.5,36.5
40,2010,Atlantic,32.8,31.8,47.1,56,64.2,75.3,79,76.1,70.7,57.6,46.5,31.9
41,2011,Atlantic,29.3,37.5,42.8,55.6,64.5,73.4,79.6,74.5,70.7,57.5,50.8,42.5
42,2012,Atlantic,38.4,40.5,50.7,53.6,65.4,70.8,78.8,75.7,68.2,58.4,43,43.3
43,2013,Atlantic,35.6,34.8,39.2,52.1,61.2,71.7,78.1,71.9,65,58.2,44.4,39.1
44,2014,Atlantic,28.6,32.7,37.6,50.5,62.3,71,73.8,70.9,67.6,58,43.8,40.2
45,2015,Atlantic,30.7,25.2,38.1,52.1,66.2,71.4,75.7,74.7,71.5,55.8,51.3,50.5
46,2016,Atlantic,33.7,38.2,48,51,60.2,71.3,77.9,77.8,70.9,58.4,47.9,38.4
47,2017,Atlantic,38.3,42.6,41.2,57.2,61,71.2,77,72.8,69.2,61.5,46.8,35.6
48,2018,Atlantic,31.8,42.2,39.4,49.7,65.8,71.1,76.7,78.3,72.4,58.8,45.1,39.6
49,2019,Atlantic,33.6,36.9,41.2,55.9,64.1,72.4,78.6,75.3,70.3,60,43.1,39.5
51,1970,Bergen,21.2,29.7,35.4,48.8,61.1,68.3,74.6,74.2,66.9,55.4,44.8,31.5
52,1971,Bergen,23.9,30.8,37.2,47.5,57.4,70.4,73.5,71.7,67.6,58.9,41.5,37.4
53,1972,Bergen,31.3,27.6,36.4,46.5,60.5,65.8,74.8,71.8,65.8,49.3,40.2,35.5
54,1973,Bergen,32.1,29.4,43.9,50.9,57,71.6,75,74.9,65.9,55.9,44.9,35.9
55,1974,Bergen,31.3,28.9,39.7,52.4,58.8,66.7,74.2,72.9,63.5,49.9,44.2,35.9
56,1975,Bergen,33.7,32.9,37.5,45.3,63.7,69.1,74.4,72.4,61.3,56.5,48.4,33.1
57,1976,Bergen,24.4,36.3,41.6,52.9,59.2,71.7,72.4,71.8,63.4,49.9,38.3,26.9
58,1977,Bergen,19.4,30.5,43.9,51.4,62.8,67.7,75.2,72.5,65.4,51.8,44.7,31.2
59,1978,Bergen,25.3,23,35.9,48.8,58.4,68.8,72.4,73.6,62.4,52.2,44,34.4
60,1979,Bergen,29.2,20.6,42.6,49.1,61.8,66.9,74,72.4,64.5,52.6,47,35.7
61,1980,Bergen,29.8,27,37,51.5,63,67.6,76.1,76.2,67.9,51.8,40.1,28
62,1981,Bergen,21.3,35.4,38.2,52.6,61.1,70.2,75.8,72,63.8,50,43.3,31.8
63,1982,Bergen,20.5,31.4,37.6,47.6,61.8,65.9,74.2,69.9,64.4,53.8,46.2,38.6
64,1983,Bergen,30,32.1,41.2,49,57.8,70.2,76.2,74.5,67.3,53.6,44.3,31
65,1984,Bergen,24.8,36.4,33.3,48.7,58.8,71.5,72.4,74,62.4,57.7,43.1,39.2
66,1985,Bergen,24.5,32,41.7,52.5,63,66.5,73.7,72.2,66.6,54.6,46.2,30.3
67,1986,Bergen,29.9,28.3,40.8,51,63.4,68.9,73.9,70.3,63.9,54.2,41.3,35.4
68,1987,Bergen,28.4,29.8,41.8,51.1,60.6,70.9,75.7,70.9,64.5,49.9,44.3,36.2
69,1988,Bergen,24.8,30.9,40.5,48.6,60,69.3,76.9,75.8,63.8,49,45.2,32.3
70,1989,Bergen,33.5,31.2,39.1,48.5,59.9,70.4,73.2,71.7,65.6,55,42.6,21.9
71,1990,Bergen,37.2,36.4,42.1,50.4,57.8,69.7,74.6,72.9,64.3,58.4,46.4,39
72,1991,Bergen,30.4,36.4,42.4,52.9,66,71.6,75.4,74.6,64.5,54.8,44.7,36.7
73,1992,Bergen,32.2,33.9,37.1,47.6,58.8,67.5,72,69.6,64.4,50.6,42.6,34.1
74,1993,Bergen,33.3,26.8,35.8,50.1,62.3,69.9,76.7,73.9,64.3,51.6,43.5,33.4
75,1994,Bergen,21.5,26.2,37.3,52.3,59.1,72.2,76.9,70.7,64.2,53.1,48.2,38.2
76,1995,Bergen,34.5,28,42.7,49,58.8,69.8,76.2,74.6,64.6,57.5,40.2,29.2
77,1996,Bergen,27.6,30.8,35.9,49.8,58.4,69.8,71.9,72.5,65.6,53.6,39.9,38
78,1997,Bergen,29.3,37.5,39.8,49,57.3,68.7,74.2,71.2,63.9,53.5,41.2,35.2
79,1998,Bergen,37.5,38.6,42.8,52,63.4,67.8,74.7,74.5,67.3,54.7,44.6,39.6
80,1999,Bergen,30.9,35,39.9,51.1,60.6,71.2,78.8,73.5,66.7,52.7,47.8,36.8
81,2000,Bergen,28.6,34.3,44.8,49,61.6,69.8,70.8,70.8,64.2,54.1,42.7,28.6
82,2001,Bergen,29.4,33.2,37.4,51.3,61.8,70.9,71.4,76.1,64.9,55.2,48.5,40.7
83,2002,Bergen,36.6,37.9,41.9,53.4,58.4,70.1,76.6,75.6,67.5,52.8,42.8,32.9
84,2003,Bergen,25.2,26.9,40,47.7,57.4,67.4,74.6,75.2,66,52.2,47.5,35
85,2004,Bergen,22.8,32,42.1,51.9,64.6,69.4,73.1,72.5,67.5,53.9,45.8,35.4
86,2005,Bergen,28.4,33.3,36.1,52.8,57,73.1,76.3,77.2,70.3,55.5,46.4,31.7
87,2006,Bergen,37.4,33.2,40.9,53.2,61.3,70.2,77.2,74,64.2,53.6,49.2,41.1
88,2007,Bergen,35.2,26.2,39.1,48.2,63.3,70.5,73.9,72.8,67.7,61.3,42.4,34.1
89,2008,Bergen,33.4,33,40.3,52.7,58.2,72.8,76.8,71.4,67,52.8,43,35
90,2009,Bergen,25,33.8,40,52.4,61.4,67.2,71.9,74.7,64.1,52.7,48.8,33.3
91,2010,Bergen,30.2,31.4,46,55.8,64.6,73.2,78.6,74.6,68.4,55.6,45,30.7
92,2011,Bergen,26.5,32,40.3,52.5,63.4,71.2,78.4,73.8,68.3,55.1,48.4,39.7
93,2012,Bergen,34.4,38.1,49.4,52.7,64.7,70,77.9,75.1,66.7,56.4,41.1,39
94,2013,Bergen,32.8,31.5,38.2,51,60.9,71.1,78.3,72.1,64.6,56.8,42.3,34.9
95,2014,Bergen,25.6,28.2,34.7,50.1,62.2,71,75.2,72.2,67.2,57,41.7,37.9
96,2015,Bergen,26.6,20.3,34.8,51.2,66.1,69.8,76.2,75.6,70.8,54.3,49.2,47
97,2016,Bergen,31.4,35.1,46.5,51,61.1,70.8,77.7,77.4,69.5,56.4,47.2,35.6
98,2017,Bergen,35.8,38.9,37.6,55.5,59.7,70.7,75.2,72.2,68.6,61.3,43.5,32.4
99,2018,Bergen,28.4,38.6,38.2,46.9,65.4,70.3,76.9,77,68.9,55.2,41.7,37.2
100,2019,Bergen,30.1,33.6,38.8,53.4,61.3,70.2,78.5,74.3,68.1,57.4,40.6,35.2
102,1970,Burlington,24.4,33.1,37.4,49.9,62.7,69.7,74.8,74.6,69.4,57.3,46.8,35.2
103,1971,Burlington,27,34.6,39.6,48.9,58.5,71.3,74.1,72.7,69,61.3,44.1,41.1
104,1972,Burlington,34.1,31.2,39.6,47.9,60.7,67,75.3,72.8,67,51,42.8,39.9
105,1973,Burlington,33.7,32.4,45.9,52.2,58.6,72.7,75.5,75.6,67.9,57,47,38.2
106,1974,Burlington,35.8,31.9,43.2,54.1,60.8,68.2,75,73.8,66,51.9,45.9,38.5
107,1975,Burlington,36.6,35,40.3,46.6,64.3,70.3,74.7,74.7,64,59.1,50.2,36.2
108,1976,Burlington,28,40.2,45,54.1,60.7,72.5,73.4,72.6,65.1,51.2,39.5,30.2
109,1977,Burlington,21.1,33.8,46.8,53.6,63.5,68.4,76.2,74.5,68.3,53.9,47.6,34.1
110,1978,Burlington,28.3,23.6,38,50,58.7,69.5,72.8,75.6,65,54,46.9,37.7
111,1979,Burlington,32.4,22.7,45.3,49.9,62.4,66.9,73.8,73.6,66.7,54.2,49.4,38.2
112,1980,Burlington,31.6,29.5,39.5,52.6,63.4,68.4,76.7,76.6,69.5,53.6,42.4,32.2
113,1981,Burlington,25.1,37.6,39.1,54.5,61.6,71.5,76.2,71.9,65.7,52.2,44.5,34
114,1982,Burlington,24.5,34.4,40.7,48.8,62.7,67.5,75,70.9,65.5,55.3,47.8,41.5
115,1983,Burlington,33.2,33.5,43.1,50.6,60,70.6,77,75.5,67.7,55.5,46.1,33.5
116,1984,Burlington,26.6,39.4,36.2,49.5,60.3,72.4,73.8,74.6,63.8,60.1,44.1,42.1
117,1985,Burlington,26.7,35,44.1,54.3,63.7,68,74.9,73,68,57.5,50.3,32
118,1986,Burlington,32.4,31,43.1,50.9,64.1,71,75.7,71.9,66.2,56.6,44,37.4
119,1987,Burlington,30.6,30.8,43.2,50.8,62.6,72.6,77.4,72.5,67,51.2,47.2,37.8
120,1988,Burlington,26.8,34,42.9,49.4,61.3,69.8,77.6,76.6,64.4,50.1,45.9,34.3
121,1989,Burlington,35.8,34,41.4,49.8,60.2,72.9,74.1,73.5,67,56.4,44.1,24.3
122,1990,Burlington,39.4,40.4,44.9,51.3,59.8,70.6,75.6,73.8,65,60,47.8,40.9
123,1991,Burlington,33.7,39,44.2,53.1,66.9,71.7,76.3,75.3,65.8,56.5,46.2,39.3
124,1992,Burlington,34.1,36,39.2,49.6,58.3,67.9,74.2,70.7,66.1,52,45.5,36.9
125,1993,Burlington,36.7,30.3,38.4,51.4,62.7,70.5,77.1,74.6,66.5,54.1,45.4,35
126,1994,Burlington,26,30.3,40.4,55.4,59.1,73.7,78.2,71.3,65,53.4,49.7,40.4
127,1995,Burlington,37.2,30.2,44.4,50.8,60.4,70.3,77.3,75,67,58.9,41.9,31.3
128,1996,Burlington,30.8,33.9,37.5,51.9,59.6,71.6,73.1,73,67.6,55.1,40.3,40
129,1997,Burlington,32.1,39.8,42.8,49.3,58.2,68.8,75.3,72.3,65.7,55.3,43.4,37.6
130,1998,Burlington,40.6,40.2,44.4,53.6,64,69.9,75.6,75.1,69.9,55.9,45.7,40.7
131,1999,Burlington,35.2,36.5,41.2,51.3,61.5,71.6,79.5,75.2,68.3,54,49.6,39.4
132,2000,Burlington,31.7,37.3,46.7,50.9,63.4,72.2,72.4,72.3,65.9,56.1,43.7,30.3
133,2001,Burlington,30.9,36.8,39.4,52.7,62.4,72.6,72.3,76.8,65.9,56.5,50.2,42
134,2002,Burlington,38,39.8,44.6,55.2,61.1,71.5,77,76.6,68.8,55.6,44.3,34.8
135,2003,Burlington,27.8,29.3,43.1,49.6,57.4,68.8,75.6,76.2,68,54,49.8,36.7
136,2004,Burlington,26.2,34.8,44.3,53,67.7,70.5,74.8,73.5,68.7,54.7,47.3,37.3
137,2005,Burlington,32.1,35.6,38.6,53.1,57.4,73,77.2,77.4,71,57.4,48.8,34.2
138,2006,Burlington,40.3,35.5,43.1,54.5,62.6,71.3,77.9,75.6,65.7,54.9,50.9,42.9
139,2007,Burlington,38.8,28.7,42.8,50,63.9,71.8,74.9,74.8,69,63.1,45,37.5
140,2008,Burlington,36,37.4,44,53.9,59.3,74.4,77.1,72.4,68.6,54.5,44.7,38.5
141,2009,Burlington,29,36.8,42.3,53.5,62.6,68.7,73.2,76,65.8,54.5,50,36
142,2010,Burlington,32.7,31.8,47.5,56.6,65.2,75.3,79.4,76.2,70.5,57.1,45.8,31.7
143,2011,Burlington,28.5,37.1,42.4,55.6,65,73.4,80,74.4,70.4,56.6,50.4,42.2
144,2012,Burlington,37.7,40.2,51.1,53.6,66.4,71.2,79,75.9,68.2,57.9,42.2,42.3
145,2013,Burlington,35.4,34.7,39.5,52.6,62,72.3,78.7,72.2,65.2,57.9,43.9,37.7
146,2014,Burlington,28.2,31.5,37.5,51.4,62.8,71.8,74.9,71.4,67.5,57.6,43.4,40.2
147,2015,Burlington,30,24.7,37.7,52.6,67.4,71.6,76.2,75.2,71.5,55.3,50.8,50.1
148,2016,Burlington,33,37.4,48.3,51.3,60.7,71.9,78.2,78,70.8,57.8,47.5,37.6
149,2017,Burlington,37.6,42.6,40.8,57.2,61.1,71.6,76.9,72.7,69,61.1,45.9,34.7
150,2018,Burlington,31.5,42.1,39.3,49.5,66.7,71.3,76.9,78.1,71.8,57.8,43.9,39.5
151,2019,Burlington,33.2,36.8,41.4,56.5,64.6,72.2,79.1,75.4,70.4,59.4,42.4,38.7
153,1970,Camden,24.6,33.2,37.8,50.2,63.4,70.1,75.2,75.1,69.9,58,46.8,35.2
154,1971,Camden,27.3,34.5,39.9,49.5,59,72,74.8,72.9,69.2,61.3,44.5,40.7
155,1972,Camden,34.1,31.1,39.8,48.3,61.2,67.5,75.7,73.4,67.1,51.1,42.5,39.5
156,1973,Camden,33.8,32.3,46.2,52.4,59,73.2,76.2,76,68.4,57.5,46.9,37.9
157,1974,Camden,35.6,31.5,43.2,54.5,61.2,68.2,75.3,74.3,66.2,52.1,45.8,38.3
158,1975,Camden,36.5,35,40.4,47.2,64.9,70.7,75,75,64.2,59.2,50.3,36.3
159,1976,Camden,28.3,40.2,45.4,54.7,60.8,73.2,73.6,73.1,65.6,51.3,39.5,29.9
160,1977,Camden,20.9,33.5,47.4,54.6,64.2,68.7,76.4,74.7,68.5,53.6,47,33.8
161,1978,Camden,27.7,24,38.3,50.4,59.4,70.3,72.8,75.9,65.5,54.1,46.4,37.4
162,1979,Camden,31.8,22.4,45.9,50.6,63.3,67.6,74.4,73.7,66.8,54.2,49.3,37.8
163,1980,Camden,31.6,29.5,39.7,53.4,63.9,69,77.2,77.2,70.2,53.8,42.3,32.4
164,1981,Camden,25.1,37.6,39.5,54.7,62,71.7,76.2,72.3,65.5,52,44.4,33.7
165,1982,Camden,23.8,33.9,40.8,49.3,63.1,67.5,75.6,71.3,65.8,55.4,47.8,41.1
166,1983,Camden,33.4,33.4,43.4,50.9,60.7,71.2,77.4,76.4,68.3,55.8,46,33.2
167,1984,Camden,26.4,39.2,36.3,50,60.7,72.9,73.8,74.8,64,60.3,43.9,41.8
168,1985,Camden,26.7,34.8,44,54.7,64.2,68.5,75,73.3,68.2,57.7,49.9,32.3
169,1986,Camden,32.2,30.9,43.4,51.5,64.9,71.8,76.1,72.4,66.6,56.8,43.8,37.2
170,1987,Camden,30.9,31.4,43.9,51.3,63,73.3,78.1,73.4,67.1,51.3,47.1,38.2
171,1988,Camden,26.9,34.5,43.5,50,61.8,70.8,78.3,77.1,64.8,50.6,46.4,34.6
172,1989,Camden,35.8,34.1,41.5,50.9,60.7,73.2,74.3,73.6,67.2,56.9,44.2,24.6
173,1990,Camden,39.6,40.6,45.3,52.1,60,71,76.1,73.7,65.2,60.4,47.9,40.9
174,1991,Camden,33.8,39.1,44.8,53.3,67.7,72.2,76.6,75.5,66.3,56.7,45.8,39.1
175,1992,Camden,34.3,36.2,39.9,50.4,59,68.7,74.7,70.9,66.2,52.3,45.7,37
176,1993,Camden,36.8,30.6,38.5,52,63.6,71.2,77.9,75.3,66.7,54.4,45.9,35.2
177,1994,Camden,25.8,30.6,40.8,56.4,59.6,74.6,78.9,71.8,65.2,53.7,50,40.3
178,1995,Camden,37.4,30.3,45,51.7,61.2,71,78.2,75.9,67.5,59.1,41.7,31.2
179,1996,Camden,30.9,34,37.8,52.6,59.9,72,73.4,73.1,67.5,55.3,40.5,40
180,1997,Camden,32.1,39.9,43.4,50,58.7,69.7,76,72.6,65.7,55.5,43.2,37.5
181,1998,Camden,40.7,40.4,44.7,54.2,64.8,70.3,75.8,75.6,70.3,56.2,46,41.2
182,1999,Camden,35.4,36.9,41.5,52,62.1,72,79.6,75.5,68.4,54.6,50.2,39.5
183,2000,Camden,32.1,37.7,47.1,51.2,63.6,72.3,72.8,72.5,65.8,56.6,43.8,30.6
184,2001,Camden,31.2,37.4,39.6,53.2,62.8,72.7,72.7,77.1,65.9,57.1,50.7,42.5
185,2002,Camden,38.4,40.3,44.9,55.6,61.4,72.1,77.6,77.2,69.4,55.5,44.6,34.7
186,2003,Camden,28,29.5,43.7,50.7,58.2,69.4,76.1,76.5,68.2,54.4,50.1,36.7
187,2004,Camden,26.3,35,44.8,53.7,68.6,70.9,75.1,73.9,68.8,54.8,47.5,37.3
188,2005,Camden,32,35.7,38.9,54.1,58,73.6,77.7,77.8,71.6,57.7,49.1,34
189,2006,Camden,40.4,35.6,43.9,55.3,63.2,71.6,78.4,76.1,65.9,55.2,50.8,42.9
190,2007,Camden,38.9,28.3,43.3,50.3,64.5,72.4,75.7,75.3,69.5,63.3,45.1,37.4
191,2008,Camden,36.1,37.3,44.4,54.9,60,75,77.7,72.8,69,54.9,44.7,38.5
192,2009,Camden,28.9,36.9,42.9,54.1,63.3,69.2,73.7,76.2,66.1,54.8,50.2,36
193,2010,Camden,33,31.6,47.8,57.2,65.8,76,79.7,76.7,70.9,57.4,46.2,32
194,2011,Camden,28.7,37.2,42.8,56.1,65.6,73.8,80.5,74.5,70.4,56.6,50.5,42.4
195,2012,Camden,37.7,40.5,51.5,54.1,66.8,71.5,79.6,76.4,68.5,58.2,42.5,42.4
196,2013,Camden,35.6,34.8,39.9,53.4,62.8,73,79.2,72.6,65.8,58.6,44.3,37.9
197,2014,Camden,28.4,31.9,37.7,52.4,63.4,72.4,75.7,72.1,67.9,58.2,43.5,40.3
198,2015,Camden,30.2,24.7,38.1,53.3,68.1,72.3,76.8,75.8,72,55.9,51.2,50.2
199,2016,Camden,33.2,37.6,49,52.1,61.2,72.6,79,78.7,71.4,58.4,48,37.9
200,2017,Camden,37.9,42.9,41.1,57.9,61.5,72.2,77.5,73.2,69.4,61.6,46.3,34.9
201,2018,Camden,32,41.9,39.8,50.2,67.3,71.8,77.7,78.5,72.1,58.3,44.2,39.6
202,2019,Camden,33.6,36.7,41.9,57.4,65.4,72.7,79.6,75.9,70.8,59.7,42.7,38.5
204,1970,Cape May,25.7,33.8,37.9,49.4,61.1,68.5,73.2,74.5,70.3,58.6,47.7,36.9
205,1971,Cape May,29,35,39.4,48.6,57.8,69.8,73.5,72.3,69.1,62.3,45.6,42.8
206,1972,Cape May,35.9,33.1,39.9,47.6,59,66.2,74.5,72.3,67.2,52.4,44.3,41.6
207,1973,Cape May,35,33.2,46.3,51.6,58.5,71.5,74.9,75.2,69,58.2,47.4,39.4
208,1974,Cape May,38.3,32.7,43.6,53,59.8,67.1,74.3,73.9,66.8,52.7,46.6,39.5
209,1975,Cape May,37.5,36.4,40.2,46,62.4,69.4,73.6,74.9,64.6,60.3,50.8,37.7
210,1976,Cape May,30.6,41.1,45.1,53.2,59.5,70.7,72.8,72,66,52.7,40.5,32.4
211,1977,Cape May,22.4,34.3,46.7,53.2,62,67.1,75.2,74.9,69.5,55,49.3,35.9
212,1978,Cape May,30.6,25,39,50,57.8,68.3,71.8,76.1,65.6,54.8,48.5,38.8
213,1979,Cape May,33.3,24.2,44.4,49.9,61.7,65.2,73.2,73.2,67.3,55.2,50.4,39.7
214,1980,Cape May,33.5,30.3,39.8,52.3,62.9,67.7,75.3,76.2,70.1,54.9,44,34.8
215,1981,Cape May,27.2,37.5,40.7,53.8,59.8,70.6,75.2,71.8,66.4,53.7,45.5,35.3
216,1982,Cape May,25.8,34.9,41.3,48.3,61.4,66.6,74.1,70.7,65.2,55.7,49,42.7
217,1983,Cape May,34.6,34.9,43.7,50.2,58.9,69.3,76.6,74.6,67.9,57.1,48,35.4
218,1984,Cape May,28.8,39.5,37.4,49.2,59.9,71.1,72.7,74.4,64.8,61.4,45.2,44
219,1985,Cape May,28.3,35.4,44.7,54.8,63,68.1,74.6,72.6,68.1,59.2,53.3,34.1
220,1986,Cape May,33.3,32.7,43.1,49.9,62.7,70.3,76.5,72,66.4,58.3,46,38.9
221,1987,Cape May,32.5,31.8,42.9,49.9,61.8,71.5,76.7,73.3,68.5,52.4,48.6,39.3
222,1988,Cape May,28.6,35,43.1,48.8,59.9,68.9,75.7,75.3,64.7,51,47.2,35.5
223,1989,Cape May,37.4,34.7,41.4,50,59.8,72.4,73.9,73.3,67.9,57.9,45.8,26.1
224,1990,Cape May,40.6,41.3,45,51.4,59.2,69.7,75.2,73.4,65.4,60.7,48.5,42.5
225,1991,Cape May,35.5,39.2,44.7,53,66.4,71,76.1,75.6,66.5,57.2,47.2,40.8
226,1992,Cape May,35.5,36.5,40.1,49.4,57,66.8,74.1,70.9,66.9,53.5,47,38.3
227,1993,Cape May,37.9,31.2,38.7,50.3,61.9,70,77.7,74.5,67.9,55.1,46.5,36
228,1994,Cape May,28.3,32.5,41.5,55.4,58,72.1,77.1,70.8,65.8,54.7,51.4,41.4
229,1995,Cape May,39,32.2,44.4,51.2,60.4,69.1,77.2,75.1,68,59.9,42.4,33.3
230,1996,Cape May,32.6,34.2,38.3,51.5,58.6,70.8,72.7,72.5,68.5,56.5,41.8,40.8
231,1997,Cape May,34,40.3,43.8,49.8,57.9,67.7,75.1,72.7,67.1,56.5,45.1,38.8
232,1998,Cape May,41,40.9,44.5,53.4,63,70,75.4,75,70.7,57.5,46.9,41.5
233,1999,Cape May,37.6,37.3,41.4,51.3,61.1,69.9,78.3,75.4,68.7,56,51,40.4
234,2000,Cape May,32.9,38.6,46.9,50.7,62.8,71.9,72.1,73.2,66.3,57.5,45,31.6
235,2001,Cape May,32.8,37.8,39.9,52.2,61.8,72.2,71.9,76.2,66.1,57.2,51,43.8
236,2002,Cape May,39.5,40,45.2,54.9,60.9,71,76.7,77.2,69.2,57.9,45.8,36.4
237,2003,Cape May,29.7,31.6,43.2,50.4,56.2,68.7,75.4,75.7,69.6,55.8,50.7,37.9
238,2004,Cape May,28.4,35.2,44.4,52.6,66.7,70.1,75.2,73.3,69.1,55.7,48,38.6
239,2005,Cape May,33.5,36.2,39.1,52,56.3,71.1,76.8,77.3,71.8,58.7,49.4,35.6
240,2006,Cape May,41.3,36.2,43.2,54.3,61.6,70.5,77.3,76.5,66.2,56.3,51.3,43.7
241,2007,Cape May,39.9,29.6,43,49.8,62.4,70.8,74.9,75.6,69.5,64.1,46.4,38.8
242,2008,Cape May,36.5,38.1,44,53.4,59.5,73.7,76.2,72.9,69.1,56,45.8,40.2
243,2009,Cape May,30.6,37.6,41.9,53.5,61.6,68.5,73.7,76.3,66.7,56.3,50.8,37.5
244,2010,Cape May,33,32.3,47,55.7,63.8,75.2,79.1,76.4,71.2,58.4,47.4,32.5
245,2011,Cape May,30.2,37.7,43.3,55.5,64.4,73.5,79.2,74.8,70.6,58,51.2,43.3
246,2012,Cape May,39,40.7,50.6,53.7,65.2,70.8,78.9,75.8,68.2,59.3,43.8,44.3
247,2013,Cape May,36.6,35.4,39.8,52.3,61.1,71.3,77.6,72.3,65.6,59.2,45.2,40.1
248,2014,Cape May,29.4,33.5,38.3,50.6,62.4,71,73.8,71.4,68.3,59.1,44.6,40.9
249,2015,Cape May,31.9,25.8,38.6,52.2,65.7,71.7,75.9,74.7,71.8,56.7,52,50.9
250,2016,Cape May,34.7,38.7,48.1,51.2,60,71.1,78.2,78.2,71.3,59.5,48.6,39.3
251,2017,Cape May,39,43,42.2,57.4,61.2,71.4,77.1,73.4,69.7,62.4,47.4,36.4
252,2018,Cape May,32.3,42.2,40,49.7,65.5,71,76.4,78.4,73,59.8,45.9,40.6
253,2019,Cape May,34.6,37.4,41.8,55.8,64,72.5,78.4,75.5,70.8,61,43.9,40.2
255,1970,Cumberland,24.5,32.8,37.4,49.8,62,69.2,73.9,74.4,70,58,46.6,35.4
256,1971,Cumberland,27.5,34,39.2,48.9,58.3,70.9,73.8,72.2,68.9,61.8,44.6,41.2
257,1972,Cumberland,34.4,31.9,39.9,47.7,60.2,66.5,74.7,72.4,66.6,51.4,43.2,40.4
258,1973,Cumberland,33.8,32.5,46.4,51.6,58.7,72.4,75,75.4,68.2,57.4,46.5,37.9
259,1974,Cumberland,36.5,31.1,43,53.3,60.3,67.2,74.5,74,66.1,52.1,45.5,38.3
260,1975,Cumberland,36.4,35.2,39.8,46.4,63.2,69.9,73.8,74.7,64.1,59.3,49.6,36
261,1976,Cumberland,28.6,40.2,45.2,53.6,60.1,72.1,72.7,72.1,65.3,51.1,39.2,30.2
262,1977,Cumberland,21,33.4,47.2,54,63.2,67.8,75.6,74.8,68.6,53.9,47.5,34.3
263,1978,Cumberland,28.9,23,38.1,50.5,58.7,69.5,72.1,75.6,65.2,54,47.1,37.7
264,1979,Cumberland,32.3,22.6,45,49.9,62.5,66,73.4,73.3,67,54.3,49.6,38.3
265,1980,Cumberland,32.1,29.6,39.4,52.8,63.5,67.8,76.2,76.5,69.8,54.1,42.7,33.2
266,1981,Cumberland,25.6,37.5,39.8,54.2,60.8,71.2,75.4,71.6,65.6,52.6,44.7,34
267,1982,Cumberland,24.2,34.2,40.9,48.7,62.1,67.2,74.8,70.7,65.3,55.3,48.4,41.9
268,1983,Cumberland,33.7,33.8,43.5,50.5,59.7,70.1,76.7,75.3,68,56.4,47,34
269,1984,Cumberland,27,39.2,36.6,49.8,60.6,71.9,73.2,74.2,63.9,60.9,44.2,42.6
270,1985,Cumberland,26.9,35.3,44.4,55,63.6,68.2,74.6,72.4,67.9,58.4,51.6,32.8
271,1986,Cumberland,32.4,31.8,43.3,50.9,63.9,71.1,76.3,71.7,66.2,57.3,44.8,37.6
272,1987,Cumberland,30.9,31.1,43.2,50.6,61.9,72.6,77.6,73.5,67.8,51.5,47.8,38.7
273,1988,Cumberland,27.1,34.8,43.1,49.6,61.1,69.9,77.3,76.4,64.8,50.2,46.4,34.7
274,1989,Cumberland,36.2,34.5,41.2,50.1,60.2,72.8,74.3,73,67.5,57,44.7,24.6
275,1990,Cumberland,40.1,41.3,45.1,52,59.7,70.4,75.9,73.4,65.1,60.2,48,41.5
276,1991,Cumberland,34.3,38.9,44.9,53.4,67.5,71.9,76.4,75.4,66.3,56.5,46,39.7
277,1992,Cumberland,34.9,36.2,40.2,50.1,58,67.5,74.4,70.4,66.6,52.5,46,37.5
278,1993,Cumberland,37.3,30.7,38.7,51.4,62.9,70.8,78,75.1,67.4,54.2,45.6,35.3
279,1994,Cumberland,26.8,31.4,41.4,56.3,58.6,73.6,78.1,71.3,65.5,53.9,50.5,40.7
280,1995,Cumberland,38.2,31.4,44.9,51.6,60.7,70.1,77.5,75.3,67.6,59.1,41.8,31.9
281,1996,Cumberland,31.8,34,38.2,52,59,71.2,72.9,72.6,67.7,55.6,40.7,39.8
282,1997,Cumberland,33,39.9,43.7,49.9,58.4,68.7,75.8,72.9,66.3,56.1,44.5,38.2
283,1998,Cumberland,40.8,40.8,44.5,54.2,64.1,70.3,75.3,74.7,70.2,56.5,46.1,40.9
284,1999,Cumberland,36.5,37,41.4,51.7,61.9,70.8,78.4,75.2,68.5,54.8,50.5,39.5
285,2000,Cumberland,32,38.1,47.2,51,63.5,72.3,72.2,72.7,65.4,56.7,44,30.2
286,2001,Cumberland,31.6,37.2,39.8,52.8,62.3,72.3,72,76.4,65.4,56.6,49.8,42.6
287,2002,Cumberland,38.2,39.7,45.4,56,61.5,71.7,77,77.4,69.3,57.1,44.8,35
288,2003,Cumberland,29,30.2,43.6,51,57.4,69,75.6,76.1,69,54.8,50.7,37
289,2004,Cumberland,27.3,34.7,44.8,53.8,68.6,70.3,75.1,73.5,69,55.1,47.6,37.9
290,2005,Cumberland,32.8,35.7,39.2,53.6,57.3,72.4,77.2,77,71.7,58,49.1,34.9
291,2006,Cumberland,41.1,35.5,43.6,55.2,62.5,71.2,77.9,76.4,66,55.2,50.9,43
292,2007,Cumberland,39.3,28.9,43.7,50.4,63.8,71.9,75.8,76,69.6,63.7,45.6,37.8
293,2008,Cumberland,36.1,37.8,44,54.8,60.2,74.6,77.3,72.9,69.1,55.4,44.9,39.1
294,2009,Cumberland,29.7,37.2,42,53.6,62.4,69.2,73.9,76.5,66.4,55.6,50.4,36.2
295,2010,Cumberland,32.8,31,47.5,56.6,65.1,76.5,79.3,76.4,71.2,57.7,46.9,31.8
296,2011,Cumberland,28.8,37.4,43.4,56.4,65.4,74.1,80,74.8,70.6,57.1,50.6,42.7
297,2012,Cumberland,37.7,40.2,51.3,53.7,66.3,71.2,79.4,75.9,68,58.4,42.6,43.6
298,2013,Cumberland,36,34.7,39.7,53.2,62.4,72.5,78.9,72.4,65.5,58.4,44.5,39.2
299,2014,Cumberland,28.4,32.8,37.7,51.9,63.2,71.6,74.9,71.4,68,58.4,43.6,40.2
300,2015,Cumberland,30.6,25.5,38.8,53.1,67,72.5,76.1,74.4,71.8,56,51.1,50.2
301,2016,Cumberland,33.3,38.2,48.6,52,60.9,71.9,78.8,78.3,71.4,59,48,38.4
302,2017,Cumberland,38.1,43,42,57.8,61.3,72,77.1,73,69.3,61.6,46.7,35.3
303,2018,Cumberland,31.8,42,39.6,50.3,66.4,71.3,77,77.9,72.5,58.7,44.6,39.8
304,2019,Cumberland,34,37,41.6,57,65,72.7,78.8,75.8,70.8,60.2,42.9,38.9
306,1970,Gloucester,24.6,33,37.8,50.2,63.4,70.1,75.2,75.1,70.2,58.2,46.8,35.4
307,1971,Gloucester,27.5,34.6,39.9,50,59.3,72.2,75.1,73,69.5,61.7,44.7,40.8
308,1972,Gloucester,34.3,31.2,40,48.6,61.5,67.7,75.9,73.7,67.3,51.6,42.8,39.6
309,1973,Gloucester,34.1,32.6,46.5,52.5,59.3,73.3,76.4,76.3,68.5,57.8,46.7,38
310,1974,Gloucester,36,31.4,43.4,54.6,61.4,68.2,75.5,74.8,66.2,52.6,46.1,38.3
311,1975,Gloucester,36.5,35.1,40.2,47.2,64.8,70.9,75.1,75.4,64.4,59.4,50.5,36.3
312,1976,Gloucester,28.4,40.2,45.6,54.9,61.2,73.5,73.7,73.1,65.8,51.3,39.5,29.9
313,1977,Gloucester,20.8,33.1,47.6,55.2,64.5,68.9,76.6,74.9,68.8,53.8,46.9,33.8
314,1978,Gloucester,27.7,24,38.3,50.7,59.8,70.9,73.3,76.3,65.8,54.2,46.6,37.6
315,1979,Gloucester,31.7,22.4,45.6,50.8,63.6,67.8,74.7,74,67.2,54.4,49.4,37.9
316,1980,Gloucester,31.7,29.6,39.5,53.7,64.3,69.2,77.6,77.4,70.4,54.1,42.4,32.5
317,1981,Gloucester,25.2,37.4,39.8,54.8,62.2,71.9,76.5,72.7,65.8,52.3,44.7,33.9
318,1982,Gloucester,23.8,33.8,41,49.8,63.4,67.7,76,71.3,66,55.7,47.9,41.2
319,1983,Gloucester,33.5,33.5,43.5,51.1,60.8,71.2,77.5,76.7,68.5,56.3,46.3,33.2
320,1984,Gloucester,26.5,39.1,36,50.2,60.8,73,73.8,74.9,64.2,60.6,43.9,41.8
321,1985,Gloucester,26.9,35,44.2,55,64.3,68.6,75.2,73.3,68.4,58,50,32.6
322,1986,Gloucester,32.2,31.2,43.4,51.9,65.1,72.1,76.5,72.4,66.6,56.8,44,37.3
323,1987,Gloucester,31,31.5,44,51.7,63,73.7,78.5,73.8,67.4,51.5,47.3,38.6
324,1988,Gloucester,27.1,34.7,43.3,50.1,62,71.1,78.7,77.2,65.1,50.7,46.8,34.7
325,1989,Gloucester,35.8,34.3,41.3,51,61,73.4,74.6,73.5,67.6,57,44.7,24.7
326,1990,Gloucester,39.8,40.9,45.2,52.3,60.4,71.1,76.4,73.9,65.5,60.3,48,40.8
327,1991,Gloucester,33.7,39.2,44.9,53.6,68.2,73,76.8,75.9,66.7,56.6,45.4,39
328,1992,Gloucester,34.4,36.4,40.2,50.7,59.3,68.8,75.1,71,66.4,52.4,45.9,37
329,1993,Gloucester,37,30.6,38.7,52,64,71.4,78.4,75.7,67.1,54.4,46,35.4
330,1994,Gloucester,25.8,30.9,40.8,56.6,59.7,74.7,78.8,71.9,65.6,54.1,50.2,40.5
331,1995,Gloucester,37.4,30.6,45.1,51.8,61.5,71.3,78.5,76.3,67.7,59.3,41.6,31.4
332,1996,Gloucester,30.9,34.1,38.2,52.5,59.7,72.2,73.5,73.2,67.6,55.3,40.8,39.7
333,1997,Gloucester,32.2,39.8,43.6,50.4,58.8,69.9,76.3,72.9,66,56,43.7,37.8
334,1998,Gloucester,40.8,40.7,44.7,54.5,65,70.6,76.2,75.9,70.5,56.7,46.7,41.6
335,1999,Gloucester,35.6,36.9,41.6,52.6,62.6,72,79.4,75.6,68.7,54.7,50.6,39.6
336,2000,Gloucester,32.3,37.7,47.4,51.5,63.8,72.2,73,72.7,65.6,56.8,44.2,30.6
337,2001,Gloucester,31.8,37.5,40,53.2,63.2,72.9,72.9,77.2,65.9,57.2,50.5,42.7
338,2002,Gloucester,38.4,40.3,44.8,55.9,61.6,72.2,77.8,77.6,70,56.2,44.9,34.9
339,2003,Gloucester,28.6,30.2,44,51.3,58.6,69.6,76.5,76.6,68.7,54.7,50.4,36.8
340,2004,Gloucester,26.4,35.2,45,53.8,68.8,71,75.3,73.9,69.2,55.2,47.8,37.5
341,2005,Gloucester,32.3,36.2,39.3,54.5,58.5,73.7,77.9,78,72.4,57.9,49.3,34.4
342,2006,Gloucester,40.8,35.8,44.2,55.9,63.5,71.7,78.5,76.6,66.1,55.3,50.8,43
343,2007,Gloucester,38.8,28.3,43.5,50.5,64.9,72.7,76.1,75.7,70.2,63.6,45.3,37.4
344,2008,Gloucester,36.1,37.2,44.3,55.4,60.4,75.3,78.2,73.3,69.3,55.4,45,38.5
345,2009,Gloucester,29.2,37,42.8,54.3,63.5,69.8,74.3,76.7,66.5,55.2,50.3,36
346,2010,Gloucester,33,31.5,47.9,57.3,66,76.8,80,76.9,71.2,57.7,46.8,32
347,2011,Gloucester,28.9,36.9,43.1,56.1,66,74.2,80.7,74.8,70.3,56.9,50.6,42.6
348,2012,Gloucester,37.5,40.6,51.5,54.3,67,71.9,80.1,76.6,68.7,58.3,42.9,42.7
349,2013,Gloucester,35.8,34.8,40.2,53.7,63.2,73.3,79.5,72.9,66.2,59,44.5,38.3
350,2014,Gloucester,28.3,32.1,37.7,52.7,63.9,72.7,76.1,72.4,68.3,58.4,43.5,40.2
351,2015,Gloucester,30.2,25,38.3,53.7,68.2,72.9,77.1,76,72.4,56.3,51.5,50.3
352,2016,Gloucester,33.3,37.8,49.3,52.6,61.5,72.7,79.4,79,71.7,58.8,48.3,38.3
353,2017,Gloucester,38,43.1,41.1,58.1,61.6,72.5,77.6,73.4,69.5,61.7,46.4,35
354,2018,Gloucester,31.9,41.2,39.7,50.3,67.1,71.9,78,78.5,72.3,58.6,44.3,39.7
355,2019,Gloucester,33.6,36.6,41.9,57.6,65.6,72.9,79.6,76.2,71.2,59.9,42.8,38.4
357,1970,Hudson,23.7,31.4,37.1,50,62.3,69.7,75.8,75.9,69.2,57.3,46.8,33.8
358,1971,Hudson,26.2,33.2,38.6,48.7,58.6,71.7,75.2,73.7,69.5,60.9,43.6,39.5
359,1972,Hudson,33.7,29.6,38,47.9,60.9,66.7,76,73.7,67.8,51.5,42.4,37.6
360,1973,Hudson,34,31.3,45.2,51.8,58,72.5,76.4,76.6,68.2,58.2,46.6,37.8
361,1974,Hudson,33.9,30.6,41.1,53.7,59.8,68,75.8,74.8,65.5,52.5,46.4,38.2
362,1975,Hudson,36.1,34.6,39.2,46.4,64.4,70,75.6,73.8,63.3,58.2,50.8,35.3
363,1976,Hudson,26.6,38.6,43.4,54.1,60.3,72.8,74,73.5,65.6,51.9,39.9,28.9
364,1977,Hudson,21,32.3,45.6,52.3,63.9,69,76.9,74.1,67,53.7,46.3,33.4
365,1978,Hudson,27,25.1,37.7,49.7,59.2,70.3,73.8,75.3,64.4,54.5,46.4,36.8
366,1979,Hudson,31.1,22.6,44,50,62.6,67.6,75.4,74.1,66.9,54.5,49.3,38.4
367,1980,Hudson,32.1,29.3,38.6,52.2,64.1,69,77.6,77.5,69.8,53.9,42.2,30.2
368,1981,Hudson,23.9,36.7,39.4,53.6,62.2,71.4,76.9,73.6,65.6,52.1,44.9,34
369,1982,Hudson,23.6,33.8,39.6,49,62.6,66.8,76,71.3,66,55.9,48,40.8
370,1983,Hudson,32.8,34.2,42.7,50.4,58.5,71.5,78,75.8,69.3,55.7,46.3,33.2
371,1984,Hudson,27.1,38.4,34.9,49.7,60,73.1,74,75.4,64.3,59.9,44.8,41.2
372,1985,Hudson,26.2,33.6,43.4,53.6,64.2,67.7,75.2,74,68.6,57.2,48.4,32.3
373,1986,Hudson,32,30.2,42.4,51.8,64.5,70.6,75.2,72,66.1,56.2,43.4,37.2
374,1987,Hudson,30.6,31.6,43.2,51.7,62,72.3,77.2,72.9,66.4,52.1,46.2,38.1
375,1988,Hudson,27.2,33.3,42,49.4,61,70.8,78.1,77.5,66,51,47.3,34.4
376,1989,Hudson,35.5,32.9,40.6,50,61.1,72,75,73.8,67.7,57,44.1,24.1
377,1990,Hudson,39.3,38.4,43.3,51.3,58.9,70.9,75.9,74.5,66.4,60.6,48.4,41
378,1991,Hudson,32.9,38.2,43.4,53.7,67.3,72.9,76.8,76.1,66.4,56.9,46.5,38.3
379,1992,Hudson,34.2,35.2,38.3,48.5,59.3,69,73.5,71.6,66.2,52.8,44.8,36.3
380,1993,Hudson,35.4,28.7,37.4,51.1,63.6,71.4,78.7,75.6,66.2,54,45.7,35.4
381,1994,Hudson,24.1,28.6,38.9,53.7,60.1,74.1,78.5,72.4,66.3,55.4,49.7,40.4
382,1995,Hudson,36.5,29.5,44,50,60.2,71,77.6,76.4,66.7,59.6,42.2,31.2
383,1996,Hudson,29.8,32.7,37.3,51.3,59.5,71.1,73.1,73.8,67.7,55.5,42,40.1
384,1997,Hudson,31.1,39.2,41.5,50.2,58.4,70.1,75.6,72.8,66.1,55.7,43.3,37.2
385,1998,Hudson,39.7,40,44.2,53,64,69.2,76.3,76.2,69.5,56.9,46.8,41.8
386,1999,Hudson,33.2,37,41.6,52.2,61.9,72.9,80.4,75.2,68.4,55,49.5,38.9
387,2000,Hudson,30.8,36.3,46.4,50,62.9,71.2,72.4,72.5,65.8,56.3,44.6,30.5
388,2001,Hudson,32,35.2,39,52.5,62.9,72.6,73.2,77.9,66.8,57.2,51,43
389,2002,Hudson,39,39.7,43.3,54.7,59.7,71.4,78.3,77.1,69.5,54.9,44.7,35
390,2003,Hudson,27.3,28.9,41.8,48.8,58.2,68.5,76.2,76.8,67.9,54.4,49.5,36.8
391,2004,Hudson,24.8,34,43.2,52.9,65.2,71,74.4,74,69.3,55.7,47.7,37.3
392,2005,Hudson,30.7,35.4,38.1,53.9,58.2,73.8,77.7,79.1,72.6,57.4,48.5,33.9
393,2006,Hudson,39.7,34.9,42.3,54.5,62.6,71.4,78.5,75.8,66.1,55.5,51,43
394,2007,Hudson,37.2,27.7,41.1,49.3,64.4,71.8,75.3,74.4,69.7,63.4,44.4,36.4
395,2008,Hudson,35.6,35.1,41.9,53.7,59.3,74.3,78.3,73.3,69,54.9,45,37.3
396,2009,Hudson,27.5,35.9,41.4,53.5,62.4,68.2,73.5,76.3,66.3,54.8,50.6,35.3
397,2010,Hudson,32.3,32.9,47.4,56.9,65.4,75,80.9,76.6,70.5,57.8,46.9,32.5
398,2011,Hudson,29.1,35,42.2,53.9,64.4,72.9,80.6,75.6,70.1,57.1,50.5,42.3
399,2012,Hudson,37,40.2,50.7,54.2,65.4,71.5,79.6,76.8,68.8,58.3,43.1,41
400,2013,Hudson,35.2,33.5,39.7,52.2,62.1,72.6,80,74,66.7,59.2,44.4,37.3
401,2014,Hudson,27.8,30.2,36.8,51.3,63.3,72.3,76.5,73.8,69.2,59,43.9,40
402,2015,Hudson,29,22.8,36.8,52.6,67.2,71.2,78,77.8,73,56.8,51.5,49.4
403,2016,Hudson,33.8,37.2,48.2,52.3,62.2,72.4,79.2,79.2,71.5,58.6,49.3,37.9
404,2017,Hudson,38.1,41.1,39.2,56.7,60.9,72.2,76.8,73.8,70.4,63.4,45.7,34.7
405,2018,Hudson,31,41,39.7,48.4,66.3,71.6,78.1,78.3,70.7,57.1,43.5,39.3
406,2019,Hudson,32.2,35.6,40.6,54.5,62.3,71.7,79.9,75.7,70.1,59.5,42.7,37.4
408,1970,Hunterdon,19.3,28.2,34.3,47.5,60.1,66.3,73,71.6,65.6,54.3,43.5,30.8
409,1971,Hunterdon,22.8,29.5,36,46.4,55.4,68.8,71.3,69.4,66.4,57.9,40.4,36.2
410,1972,Hunterdon,30,26.5,36,45.5,58.8,64.4,73.1,70,64.4,47.9,39.4,34.5
411,1973,Hunterdon,30.5,28.3,42.9,49.3,55.6,70.6,73.2,72.7,64.6,54.2,43.5,34.1
412,1974,Hunterdon,30.5,28,38.8,51,58.1,65.1,72.2,71,62.5,48.6,42.9,34.3
413,1975,Hunterdon,32,31.1,36.5,44,62.4,68.3,72.5,71.3,60.2,56.2,47.1,32.1
414,1976,Hunterdon,23,34.5,40.8,51.6,57,70.6,70.2,69.7,62,48.3,36.4,25.3
415,1977,Hunterdon,16.8,28.8,43,50.5,60.8,65.6,72.9,70.7,64.5,50.6,43.9,29.4
416,1978,Hunterdon,23.9,20,34.4,47.8,57.2,67.2,70.2,72,61.4,50.6,42.8,33
417,1979,Hunterdon,28,19.4,42,48.3,60.4,65.2,71.6,70.7,63.1,51.3,45.9,33.9
418,1980,Hunterdon,28.5,26.2,35.9,50.3,60.8,65.4,74.1,74.8,67,50.9,38.5,27.3
419,1981,Hunterdon,20.7,34.4,36.3,51.2,59.7,68.4,73.4,69.4,62.6,48.9,42.1,30
420,1982,Hunterdon,19.8,30.5,37.2,46.7,60.7,64.5,72.3,67.5,63,52.6,44.8,37.6
421,1983,Hunterdon,29.3,31.2,40.8,47.6,57.2,67.6,74.3,73.6,65.2,52.9,43,29.1
422,1984,Hunterdon,23.1,35.9,32.8,47.7,57.7,69.3,71,72,60.9,57.2,41.3,37.6
423,1985,Hunterdon,23.9,31.3,41.1,51.8,61.1,64.2,71.6,70.2,65.3,54.5,45.7,28.7
424,1986,Hunterdon,28.8,27.7,40.1,49.7,62,67.5,72.4,68.4,62.6,53.7,40.4,33.8
425,1987,Hunterdon,27.5,29,41.4,50.3,59.8,69.6,74.2,69.2,63.3,48.1,43.5,35
426,1988,Hunterdon,22.4,29.9,39.9,47.9,59.2,67.3,75.6,73.7,61.7,47.8,43.6,31
427,1989,Hunterdon,32.2,30.6,38.2,47.2,58.2,69.3,71.5,69.8,64.5,53.7,41.3,20.8
428,1990,Hunterdon,35.7,36,41.8,49.6,57.4,67.5,72.8,70.8,62,56.9,45.2,37.1
429,1991,Hunterdon,29,35.6,41.4,51.4,64.6,69.3,73.1,72.3,63.1,53.3,43.2,35.3
430,1992,Hunterdon,31.1,33.2,36.7,47.5,56.7,65.4,70.6,67.6,62.8,48.2,42.2,32.7
431,1993,Hunterdon,32.9,26.3,34.5,49.4,61,67.7,74.9,72.1,63.3,50.3,42.1,32
432,1994,Hunterdon,20.5,25.7,36.2,52.1,57.3,70.8,75.4,68.6,63,50.7,47.1,36.6
433,1995,Hunterdon,33.3,26.8,42.3,47.9,57.6,68.6,74.8,73.3,63.7,56.1,38.5,27.4
434,1996,Hunterdon,25.9,29.7,34.8,49.6,57.2,69.1,70.1,70.7,64.4,52.6,38.9,36.6
435,1997,Hunterdon,27.9,36.1,39.4,47.2,55.7,66.3,72.2,69.1,62.6,52.5,40.1,34.3
436,1998,Hunterdon,37,37.6,41.7,51.2,62.8,67.2,73,73,66.2,53.7,42.8,38.7
437,1999,Hunterdon,30.3,33.8,38.6,49.5,59.3,69.9,77.8,72.6,66.1,51.2,46.6,35.6
438,2000,Hunterdon,28.1,32.7,44.6,49.1,61.2,68.8,69.6,69.2,62.8,53.2,42.2,27.1
439,2001,Hunterdon,27.8,33.1,37.1,50.2,60.8,69.5,69.5,73.4,63.1,54,46.9,39.7
440,2002,Hunterdon,34.9,36.8,41.3,52.6,57.6,69,75,74.9,66.1,51.4,41.4,30.8
441,2003,Hunterdon,24.5,26.6,39.6,47.4,56.4,65.8,73,73.5,65.2,50.8,46.9,33.7
442,2004,Hunterdon,22.6,31.4,41.5,50.8,65,67.4,71.3,71.3,65.8,52,45,32.8
443,2005,Hunterdon,27.7,32.6,35.5,52,55.8,71.8,74.8,75,69,55.1,45.5,29.9
444,2006,Hunterdon,36.6,32.8,40.6,52.2,60.5,69.3,75.2,72.3,62.6,52,48.1,40.2
445,2007,Hunterdon,34.2,24.5,39.2,47.1,61.9,69.7,71.9,72,66.6,60.6,41.4,33.1
446,2008,Hunterdon,32.2,32.6,40,52.3,56.3,71.6,74.8,69.5,65.9,51.2,41.8,33.8
447,2009,Hunterdon,24.4,33,39.3,51.7,60.3,66.4,70,73.1,63,51.4,48,32.3
448,2010,Hunterdon,29.5,30,45.1,54.5,63,72.2,76.8,73.2,67.5,54.1,43,29.3
449,2011,Hunterdon,25.2,31.8,39.5,52.2,62.7,70.3,76.9,72,66.9,55,46.7,38.2
450,2012,Hunterdon,32.9,37.1,48.5,50.7,64.5,68.5,76.2,72.8,65.3,54.7,39.9,38.2
451,2013,Hunterdon,31.8,30.5,37.9,50.5,59.9,70,76.2,69.4,62.9,55.7,41.2,33
452,2014,Hunterdon,22.6,26.4,33.2,49.3,60.9,69.2,72.7,69.2,65.7,55.7,39.6,37
453,2015,Hunterdon,25.2,19.8,33.4,50.3,65.2,68.8,73.7,72.6,69.3,52.9,47.9,45.2
454,2016,Hunterdon,28.9,34,45.6,49.8,59.4,69.8,75.8,75.3,68.2,55,45.2,34.5
455,2017,Hunterdon,34.2,38.1,37.1,54.7,58.7,69.1,74.1,69.9,66.9,59,42.3,31.4
456,2018,Hunterdon,26.5,36.8,36.9,46.4,64,68.8,74.9,75.1,68.2,54.7,40.5,36
457,2019,Hunterdon,29.8,32.4,37.8,53.5,61.5,68.8,76.6,73.1,67.3,56.2,39.9,33.8
459,1970,Mercer,22.8,31.4,36.2,49.2,61.8,68.7,74.7,74.1,68.4,56.3,45.6,33.2
460,1971,Mercer,25.7,33.1,38.4,48.3,57.7,70.7,73.7,71.7,68.3,59.9,42.8,39.4
461,1972,Mercer,33,29.4,38.3,47.5,60.2,66.1,74.8,72.5,66.4,49.9,41.5,37.7
462,1973,Mercer,32.9,31.2,44.9,51.5,57.6,72.2,75.2,75.2,67,56.4,45.8,37
463,1974,Mercer,33.6,30.6,41.2,53.2,59.8,67,73.9,73,64.9,51.1,45.4,37.3
464,1975,Mercer,35.1,33.9,38.9,45.9,63.8,69.7,74.2,73.5,62.7,57.8,50,35
465,1976,Mercer,26.5,38.7,43.8,53.6,59.7,71.9,72.5,72,64.5,50.3,38.9,28.7
466,1977,Mercer,19.8,32.5,45.9,52.7,63,68,75.4,73.2,67.1,52.6,46,32.5
467,1978,Mercer,26.7,23.4,37.2,49.3,58.4,69.4,72.3,74.2,63.9,53.1,45.4,36
468,1979,Mercer,30.8,21.7,44.4,49.6,61.7,66.8,73.2,72.8,65.8,53,48.7,36.9
469,1980,Mercer,30.8,28.8,38.7,52.2,62.8,67.7,76.4,76.2,69,52.8,41.7,30.4
470,1981,Mercer,23.6,37,38.7,53.7,61.3,70.4,75.6,71.5,64.9,50.8,44,33
471,1982,Mercer,22.8,33.4,39.9,48.4,62.2,66.4,74.3,70,65.2,54.5,47.1,40.2
472,1983,Mercer,32,33.1,42.9,49.7,59.3,69.9,76.1,75.3,67.2,54.9,45.3,32.2
473,1984,Mercer,25.6,38.4,35.1,49.1,59.7,71.6,73,73.8,63,58.9,43.7,40.3
474,1985,Mercer,26.2,33.6,43.3,53.4,63.3,66.9,74.1,72.4,67.2,56.5,48.2,31.1
475,1986,Mercer,31.3,30.1,42.4,51.1,64,70.4,75,70.9,65.3,55.8,42.6,36.2
476,1987,Mercer,29.7,30.4,43.5,51.1,61.6,71.9,76.7,71.6,65.7,50.2,45.8,37.1
477,1988,Mercer,24.7,32.9,42.1,49.1,61.1,69.4,77.7,76.3,63.7,49.6,45.7,33.4
478,1989,Mercer,34.8,33.1,40.4,49,60.1,71.8,73.4,72.1,66.4,55.5,43.3,23
479,1990,Mercer,38.4,38.5,43.9,50.9,59,70,74.7,73.2,64.2,59,46.9,39.7
480,1991,Mercer,32.1,37.7,43.8,52.9,66.3,71.5,75.5,74.7,65,55.6,45.2,38
481,1992,Mercer,33.3,35.5,38.9,49.1,58.3,67.7,73.1,69.9,65.1,50.6,44.2,35.2
482,1993,Mercer,35.7,29.2,37.4,51.3,62.7,70.2,76.6,74.1,65.7,52.8,44.2,34.6
483,1994,Mercer,24,28.7,39.2,53.9,59.1,73.5,77.9,70.8,64.7,52.7,48.8,39.3
484,1995,Mercer,35.8,29.1,44.2,50,59.3,70.2,76.8,74.9,66.2,58.4,41,30
485,1996,Mercer,29.1,32.4,37.4,51.5,59,71.3,72.4,72.8,66.6,54.3,40.5,39.1
486,1997,Mercer,31,38.5,42.1,48.8,57.7,68.2,74.4,71.6,64.8,54.6,42.5,36.6
487,1998,Mercer,39.6,39.6,44.1,53,64.1,69,75.2,74.9,68.7,55.5,44.9,40.6
488,1999,Mercer,33.3,35.8,40.7,51.3,60.7,71.4,79.5,74.5,67.6,53.2,48.6,38
489,2000,Mercer,30.8,35.8,46.2,50.5,62.7,70.8,71.6,71.5,64.8,55.2,44,29.5
490,2001,Mercer,30.4,35.6,38.9,51.9,62.3,72,72,76.1,65.5,56.2,50,42.2
491,2002,Mercer,37.6,39.2,44,53.8,59.6,70.8,76.9,76.7,68.4,54.3,43.5,33.2
492,2003,Mercer,26.6,28.7,41.8,48.7,57.5,67.8,75.2,75.9,67.3,53.1,48.9,36.3
493,2004,Mercer,24.9,33.7,43.6,52.3,66.7,69.8,73.8,73,68,53.9,46.6,35.7
494,2005,Mercer,30.6,34.7,37.7,53.3,57.4,73.2,76.7,77,70.5,56.4,47.8,32.8
495,2006,Mercer,39,34.5,42.5,54,62.2,71.1,77.4,74.2,64.5,53.6,49.9,42.3
496,2007,Mercer,37.1,26.9,41.7,48.8,63.8,71.5,74.1,74.2,68.6,62.5,43.5,35.9
497,2008,Mercer,35,35.6,42.6,53.8,58.7,73.7,76.8,71.6,67.8,53.3,43.7,36.7
498,2009,Mercer,27,35.3,41.4,53.1,62.2,68.3,72.6,75.2,64.8,53.4,49.6,35.1
499,2010,Mercer,32,31.7,47.3,56.3,64.8,74.7,79.4,75.9,70,56.4,45.3,31.4
500,2011,Mercer,27.5,34.8,42,54.8,64.7,72.5,79.3,74.4,69.4,56.3,49.3,40.8
501,2012,Mercer,35.9,38.9,50.6,53.3,65.9,70.4,78,75.1,67.3,56.6,41.2,40.6
502,2013,Mercer,34.1,32.9,39,51.8,61.2,71.6,78.2,71.6,64.5,57.3,43.1,35.7
503,2014,Mercer,26.2,29.3,35.8,50.8,62.3,71.2,74.6,71,67.4,56.9,41.7,39
504,2015,Mercer,28,22.7,36.1,52.4,66.9,71,76,74.9,71.3,54.8,50,48.6
505,2016,Mercer,31.2,35.9,47.6,51.1,60.8,71.4,77.7,77.1,69.6,56.5,46.6,36.6
506,2017,Mercer,36.3,40.6,39,56,60.3,71.2,76,71.8,68.5,60.7,44.2,33.3
507,2018,Mercer,29.3,39.6,38.7,48.2,65.8,70.7,76.6,77.2,70.2,56.3,42.1,38.1
508,2019,Mercer,32,35.3,40.1,55.6,63.2,71,78.5,74.8,69.6,58.2,41.7,36.5
510,1970,Middlesex,22.8,31.3,36.3,49.4,61.7,69,74.9,74.5,68.1,56.3,45.6,33.1
511,1971,Middlesex,25.6,32.5,38.4,48.2,57.8,70.9,73.8,72.2,68.5,59.9,42.7,38.9
512,1972,Middlesex,32.9,28.9,38.1,47.3,60.6,66.3,75.3,72.4,66.6,50.1,41.5,37.3
513,1973,Middlesex,33.2,30.8,44.8,51.5,57.8,72.2,75.3,75,66.9,56.6,45.7,37.1
514,1974,Middlesex,33.2,30.2,41,53.1,59.8,67.2,74.4,73.5,65,50.8,45.2,37.2
515,1975,Middlesex,35,33.9,38.6,46,64,69.8,74.4,73.4,62.6,58,49.7,35
516,1976,Middlesex,26.2,37.6,43.5,53.4,60,72.2,72.5,72.3,64.4,50.6,38.8,28.3
517,1977,Middlesex,19.7,31.7,45.3,52.6,63,68,75.2,73.2,66.8,52.9,45.9,32.4
518,1978,Middlesex,26.7,23.4,36.8,49.2,58.5,69.6,72.6,74.4,63.8,53.4,45.7,35.7
519,1979,Middlesex,31.4,21.8,44,49.8,62.1,66.8,73.4,72.9,65.8,53.5,48.4,36.6
520,1980,Middlesex,31.1,28.8,38.3,52,62.8,67.8,76.5,76.4,68.9,53,41.3,29.8
521,1981,Middlesex,23.1,36.5,38.4,53.4,61.4,70.4,75.9,71.7,64.8,50.8,44.1,33
522,1982,Middlesex,22.7,33.5,39.3,48.2,62.1,66.1,74.3,70.2,65.3,54.6,47.1,40
523,1983,Middlesex,31.8,33.2,42.8,49.5,59.1,70.2,76.6,75.1,67.6,55.1,45.4,32.5
524,1984,Middlesex,26,38.1,34.4,49,59.8,72.1,73.1,73.8,63.1,58.8,43.9,40.2
525,1985,Middlesex,25.9,33.3,43.1,52.7,63.4,66.9,73.9,72.4,67.1,56.1,47.9,31.2
526,1986,Middlesex,31.2,29.9,42.1,51.2,63.9,70,74.6,70.9,64.9,55.6,42.6,36.2
527,1987,Middlesex,29.8,30.8,43.4,51,61.2,71.6,76.3,71.5,65.7,50.5,45.8,37.2
528,1988,Middlesex,25,33,42,48.8,60.6,69.6,77.5,76.4,64.4,50.4,46.3,33.6
529,1989,Middlesex,34.7,32.9,40.2,49,59.8,71.4,73.4,72.2,66.5,55.4,43.3,23.2
530,1990,Middlesex,38.3,38.1,43,50.5,58.7,69.9,74.6,73.4,64.4,59.1,47.3,40
531,1991,Middlesex,31.8,37.7,43.5,52.9,66.2,71.6,75.2,74.7,65,55.6,45.4,38
532,1992,Middlesex,33.4,35.2,38.4,48.3,58.4,67.5,72.7,69.8,65.2,51,44.3,35.4
533,1993,Middlesex,35.7,28.9,36.9,51.1,62.3,69.9,76.9,73.9,65.3,52.6,44.1,34.7
534,1994,Middlesex,24,28.6,38.8,53.6,59.3,73.1,77.7,70.9,65.1,53.2,48.9,39.5
535,1995,Middlesex,36.2,28.9,44,49.9,59.3,70.1,76.6,75.1,66,58.3,40.9,30.2
536,1996,Middlesex,29.2,32.4,37.1,51.2,58.9,70.8,72.2,72.7,66.7,54.6,41,39.3
537,1997,Middlesex,30.5,38.7,41.3,49,57.8,68.5,74.5,71.5,64.9,54.5,42.4,36.6
538,1998,Middlesex,39.5,39.7,43.9,52.6,63.6,68.8,75.4,74.9,68.6,55.6,45.1,41
539,1999,Middlesex,33.3,36.3,40.9,51.7,60.7,71.9,79.6,74.8,67.7,53.1,48.8,38.1
540,2000,Middlesex,30.8,36,45.9,50.6,62.3,70.7,71.6,71.6,65.2,55,43.9,30
541,2001,Middlesex,30.4,35.8,38.6,52,62.2,71.4,72.1,76.3,65.7,55.8,49.6,42.1
542,2002,Middlesex,37.8,39.2,43.3,54.6,59.2,70.6,77.1,76.4,68.4,54.1,43.4,33.6
543,2003,Middlesex,26.8,28.5,41.8,48.5,57.5,67.7,75.3,76,67.3,52.8,48.6,36.1
544,2004,Middlesex,25,33.5,43,52.2,66,69.8,73.6,73.1,68.2,53.6,46.8,36
545,2005,Middlesex,30.4,34.8,37.5,53.2,57.4,73.1,76.7,77.5,70.8,56.4,48.3,33.2
546,2006,Middlesex,39.1,34.9,42.4,54.3,62,70.9,77.6,74.6,64.9,53.9,50,42.6
547,2007,Middlesex,36.9,27.4,41.6,48.7,63.7,71.2,74.2,73.8,68.5,62.4,43.8,35.9
548,2008,Middlesex,35,35.8,41.9,53.4,58.1,73.5,77.1,71.9,68.2,53.7,44.2,36.9
549,2009,Middlesex,27.2,35.6,41.2,52.7,61.9,68.2,72.8,75.7,65.5,53.5,50.1,35.1
550,2010,Middlesex,32,32.2,46.7,56,64.7,74.7,79.5,75.6,70,56.7,45.5,31.6
551,2011,Middlesex,27.9,34.8,42.3,54.4,63.9,72.2,79.1,74.5,69.6,56.6,49.4,41
552,2012,Middlesex,35.8,39.6,50.2,53.5,65.4,70.5,78.5,75.5,68,57.1,41.7,40.6
553,2013,Middlesex,34.8,33.4,39.3,52.1,61.1,71.9,79,72.3,65.2,57.6,43.6,36.3
554,2014,Middlesex,26.5,29.8,35.9,51,62.3,70.9,74.9,71.4,67.9,57.6,42.3,39.4
555,2015,Middlesex,28.2,22.8,36.4,52.5,66.7,70.8,76.6,75.9,72.2,55.3,50.4,48.8
556,2016,Middlesex,32,36.7,48,51.9,61.2,71.4,78,77.4,70.3,56.8,47.2,37.1
557,2017,Middlesex,37,40.6,39.1,56.3,60.5,71.2,76.1,72.2,69.1,61.1,44.6,33.7
558,2018,Middlesex,29.4,39.8,39.2,48.5,65.6,70.6,76.9,77.4,70.4,56.3,42.6,38.1
559,2019,Middlesex,32.4,35.2,40,55.3,62.8,70.8,78.7,74.8,69.7,58.5,42.1,36.5
561,1970,Monmouth,23.2,31.6,36.4,48.9,61,68.8,74.4,74.5,68.6,56.7,45.9,33.8
562,1971,Monmouth,26.4,32.9,38.4,47.8,57.8,70.4,73.7,72.4,68.8,60.6,43.2,39.6
563,1972,Monmouth,33.4,29.7,38.4,47.1,59.5,66.2,74.8,72.3,66.9,50.5,41.9,38.3
564,1973,Monmouth,33.4,31.2,44.5,51.7,57.6,71.6,75.3,75.2,67.4,56.9,45.9,37.8
565,1974,Monmouth,34.5,30.3,41.5,53.2,59.6,67.3,74.1,73.2,65.1,51.3,45.5,37.6
566,1975,Monmouth,35.7,34.3,38.8,46,63,69.6,74.3,73.6,63.1,58.4,50.2,35.6
567,1976,Monmouth,26.9,38.4,44,53.5,60.1,72.1,72.4,72,64.6,50.6,39.2,28.8
568,1977,Monmouth,20,32.2,45.3,52.6,62.5,67.7,75,73.5,67.2,53.2,46.3,33.1
569,1978,Monmouth,27.4,23.4,37,49,57.6,69.3,72.6,74.2,63.9,53.4,46.4,36.3
570,1979,Monmouth,32,21.7,43.3,49.5,61.8,66.4,73.2,72.8,65.9,53.9,48.4,37.3
571,1980,Monmouth,31.4,28.9,38.1,51.5,62.6,67.8,75.9,76.1,68.5,53.6,41.5,30.2
572,1981,Monmouth,23.2,36.2,38.2,53.1,60.6,69.9,75.7,71.7,65.3,51.6,44.2,33.4
573,1982,Monmouth,22.8,34,39.6,47.8,61.3,65.9,74.3,70.7,65.1,54.9,47.3,40.6
574,1983,Monmouth,32.5,32.8,42.4,49.5,58.6,69.9,76.2,74.6,67.4,55.5,45.7,33.4
575,1984,Monmouth,26.8,38.3,34.5,48.8,59.1,71.5,72.9,73.5,63.3,58.9,44.2,41.2
576,1985,Monmouth,26.3,33.7,43.1,52.4,63.1,67,74.2,72.3,67.3,57.3,49.5,31.7
577,1986,Monmouth,31.3,30.2,42,50.5,63.1,69.9,74.5,71.1,65.4,56.2,43.3,37.1
578,1987,Monmouth,30.3,30.4,42.6,50.1,61.1,71.2,76.1,71.3,65.8,50.5,46.4,37.3
579,1988,Monmouth,25.7,33.6,42.2,48.6,60.1,69.5,76.8,76.3,64.5,50.6,46.9,34.3
580,1989,Monmouth,35.6,33.8,40.2,48.9,59.5,71.7,73.4,72.6,67.1,55.6,44.3,24.3
581,1990,Monmouth,39,38.8,43.5,50.4,58.9,69.9,75,73.4,64.7,59.8,47.6,40.7
582,1991,Monmouth,32.6,38.9,43.5,52.8,65.9,71.5,75.7,75,65.2,55.7,46,38.5
583,1992,Monmouth,33.7,35.5,38.4,47.9,57.9,67.2,72.8,70,65.7,51.6,45,35.8
584,1993,Monmouth,36.7,29.8,37.4,50.7,62,69.9,76.6,73.8,65.8,53.4,44.6,35.2
585,1994,Monmouth,24.9,29.3,39.4,53.4,59,72.2,77.4,70.8,65.2,53.7,49.6,40.3
586,1995,Monmouth,36.8,29.4,43.5,49.2,59.1,69.6,76.4,75.1,66.6,58.9,42.3,31.3
587,1996,Monmouth,30.3,33.4,37.9,50.9,58.8,70.2,72.3,72.4,66.9,54.8,41,39.6
588,1997,Monmouth,31.6,39.4,42.2,48.6,57.7,68.3,74.6,71.7,65.5,54.9,43.2,37.2
589,1998,Monmouth,40.3,39.6,44,52.4,63,68.7,75.2,74.7,68.8,55.8,45.4,41.4
590,1999,Monmouth,34.7,36.6,41.3,51.8,60.4,71.7,78.9,74.6,67.9,54.1,49.4,38.5
591,2000,Monmouth,30.8,36.5,46,50.3,62.1,70.7,71.7,72,65.9,55.3,44.3,30.5
592,2001,Monmouth,31.1,36.6,38.9,51.6,62.1,71.5,72.5,76.4,65.6,56,50,42.5
593,2002,Monmouth,38.1,39.5,43.2,54.8,59.3,70.4,76.9,76.2,68.5,55.3,43.9,34.2
594,2003,Monmouth,27.2,29.3,41.9,48.2,57,67.6,75.6,76,67.6,53.5,49.2,36.7
595,2004,Monmouth,25.6,34.2,43,51.9,65.6,70.2,73.5,73.3,68.4,54.5,47.5,36.8
596,2005,Monmouth,31.8,35.6,38,52.6,57.1,72.4,76.6,77.4,71,57,48.9,34.3
597,2006,Monmouth,39.5,35.6,42.4,53.9,61.4,70.5,77.6,75,65.2,54.5,50.4,42.8
598,2007,Monmouth,37.6,28.4,41.8,49,63.3,70.7,74.1,73.8,68.6,63,45,36.8
599,2008,Monmouth,35.7,37.3,42.4,52.7,57.8,73.2,76.4,71.7,67.9,54.2,44.9,38
600,2009,Monmouth,28.1,36.6,41.2,52.4,61.4,67.7,72.5,75.7,65.4,53.9,50.5,35.7
601,2010,Monmouth,32.2,32.6,46.4,55.8,64.1,74.6,79.3,75.5,69.9,56.7,46,32.1
602,2011,Monmouth,28.7,35.6,42.4,54.2,63.3,72.2,79,74.5,69.7,56.7,50,41.4
603,2012,Monmouth,36.5,39.9,49.8,53.2,64.5,70.2,78.4,75.3,68,57.3,42.2,41.2
604,2013,Monmouth,35.2,34,39.2,51.4,60.8,71.8,78.8,72.3,65.1,57.6,43.9,37.4
605,2014,Monmouth,27.2,30.4,36.5,50.3,62,71.1,74.7,71.6,68.2,57.7,42.6,39.9
606,2015,Monmouth,28.8,23.2,36.8,52.1,65.7,70.6,76.4,75.7,71.5,55.3,50.7,49.2
607,2016,Monmouth,32.2,36.6,47.3,51.2,60.8,70.9,78,77.5,70.3,56.7,47.4,37.4
608,2017,Monmouth,37.2,40.8,39.2,55.4,60.5,71,75.9,72.1,68.9,61.2,44.9,34.1
609,2018,Monmouth,29.8,40.3,39.3,48.2,65.4,70.4,76.8,77.8,70.9,56.8,43.4,38.4
610,2019,Monmouth,32.9,35.3,40,55.1,62.7,71.3,79.1,75.3,70.3,59.1,42.5,37.2
612,1970,Morris,19.2,27.4,33.5,47.1,59.4,65.8,72.3,71.4,64.8,53.4,42.9,29.6
613,1971,Morris,22,28.4,35.4,45.8,55.2,67.8,70.7,69,65.6,57,39.8,35
614,1972,Morris,29.2,25.4,34.9,44.6,58.6,63.5,72.5,69.3,63.6,47.2,38.5,33.4
615,1973,Morris,30,27.2,42.4,49.4,55.1,69.8,72.5,72,63.6,54,42.9,33.8
616,1974,Morris,29.2,26.9,37.7,50.3,57.3,64.5,71.5,70.2,61.4,48,42.6,33.5
617,1975,Morris,31.2,30.7,35.5,43.3,61.6,67.1,71.6,70.1,59,54.8,46.3,31
618,1976,Morris,22.1,33.5,40,50.6,56.8,69.3,69.3,69,60.5,47.7,36,24.1
619,1977,Morris,16.8,28.2,42.1,50,60.5,65,72.2,69.6,63.5,49.9,43.2,28.3
620,1978,Morris,23.2,20.4,33.8,47,56.5,66.2,69.7,71.3,60.5,50.4,42.6,32
621,1979,Morris,27.4,18.7,41,47.8,59.7,64.5,71.1,70.2,62.5,50.7,45.4,33.3
622,1980,Morris,27.9,24.9,35.1,49.7,60.4,64.6,73,73.6,65.7,49.9,38.2,26.2
623,1981,Morris,19.3,33.7,36.1,51,59.1,67.4,72.6,69,61.8,48.1,41.7,29
624,1982,Morris,18.4,29.5,35.7,46,60.1,63.6,71.2,66.9,62.3,51.8,44.4,36.8
625,1983,Morris,28.4,30.6,40.2,47.3,56.6,67.7,73.7,72.3,64.6,51.9,42.5,28.6
626,1984,Morris,22.5,34.5,32,47.6,57.2,68.9,70.2,71.6,60.2,56.1,41.6,36.7
627,1985,Morris,22.9,29.8,39.5,50.5,61.1,64,70.9,69.5,64.5,52.3,44.5,27.9
628,1986,Morris,27.6,26.7,38.9,49,61.2,65.8,71.2,67.8,61.4,52.7,39.4,33.1
629,1987,Morris,26.7,28.1,40.5,49.8,58.8,68.6,73.2,68.3,62.2,47.4,42.2,34
630,1988,Morris,21.7,28.8,38.6,46.9,58.3,66.7,74.6,73.2,61.1,47.1,43.1,30
631,1989,Morris,31.1,29.4,37.1,46.2,57.9,68.4,70.8,69.1,63.6,53,40.6,19.4
632,1990,Morris,34.8,34.6,40.8,48.6,56.2,67,72,70.5,61.8,56.4,44.5,36.5
633,1991,Morris,27.8,34.4,40.7,51,64.1,69.1,72.7,71.9,62.6,52.7,42.8,34.4
634,1992,Morris,30.1,32,35.4,46.2,56.7,64.8,69.6,67.1,62.4,48.3,41,31.8
635,1993,Morris,31.9,24.8,33.8,48.7,60.3,67,73.8,71.4,62.2,49.6,41.1,30.9
636,1994,Morris,19.5,24.7,35.6,50.8,57.1,69.8,74.2,68.1,62.1,50.5,46.2,35.7
637,1995,Morris,32.6,25.8,41.4,47.4,56.8,67.8,73.3,72,62.3,55.2,38,26.7
638,1996,Morris,25.4,28.7,34.1,48.5,56.6,67.8,69.3,70.2,63.6,52,38.4,35.6
639,1997,Morris,26.9,35.1,38,46.6,55,66,71.5,68.3,61.6,51.5,39.4,32.9
640,1998,Morris,35.3,36.5,41.1,50.4,62,66.1,72.1,72.3,65.3,53,42.5,37.8
641,1999,Morris,28.9,33.1,37.7,49.1,58.5,68.9,76.5,71.6,64.7,50.4,46,34.5
642,2000,Morris,26.7,32,43.4,47.7,59.8,67.5,68.3,68.3,61.7,52.4,40.9,26.4
643,2001,Morris,26.9,31.8,35.6,49.5,59.9,68.3,68.9,73.4,62.8,53.1,46.3,38.6
644,2002,Morris,34.2,36.1,40,51.6,56.3,67.8,74,73.6,65.4,50.7,40.6,30.2
645,2003,Morris,23.1,25.1,38.2,46.2,55.7,64.9,72.1,72.8,64.2,50,45.8,32.7
646,2004,Morris,21.3,30,40.5,49.9,63.4,66.4,70.2,70.4,65.3,51.2,44.2,32.3
647,2005,Morris,26.3,31.6,34.3,51.1,55.3,70.6,73.6,74.4,67.9,53.8,44.5,29.2
648,2006,Morris,35.4,31.9,39.1,51.2,59.6,68,74.3,71.5,61.8,51.1,47.3,39.2
649,2007,Morris,33.2,24.4,37.4,46.4,61.4,68.6,71.2,70.2,65.3,59.7,40.2,32
650,2008,Morris,31,31.3,38.1,51.2,55.4,70.3,73.6,68.8,64.8,50.8,41.4,32.6
651,2009,Morris,23,32.1,38.3,50.6,59.3,65.5,69.5,72.5,62.4,50.8,47.4,31.2
652,2010,Morris,28.6,29.9,43.9,53.7,62.2,71,75.8,72,66.2,53.7,42.7,28.5
653,2011,Morris,24.2,30.1,38.6,51.1,61.6,68.9,75.3,71.5,66.2,53.6,45.8,37
654,2012,Morris,31.9,36.7,47.8,50.6,63.2,68,75.5,72.4,64.7,54.5,39.5,36.9
655,2013,Morris,31.1,30,36.9,49.6,59.1,69,75.6,69.3,62.3,54.7,40.4,32.1
656,2014,Morris,22.5,25.6,32,48.2,60.3,68.3,72.3,69.1,64.8,55.1,39.5,36
657,2015,Morris,24,18.4,32.5,49.1,64.4,67.6,73,72.3,68.4,51.9,46.9,44.1
658,2016,Morris,28.4,33.2,44.7,49.3,58.8,68.5,74.8,74.5,67.4,54.2,44.6,33.3
659,2017,Morris,33.4,36.7,35.6,54,57.9,68.2,73,69.4,66.6,58.6,41.3,30.3
660,2018,Morris,25.6,35.8,36.1,45.4,63.4,67.9,74.5,74.2,66.7,52.9,39.4,34.7
661,2019,Morris,28,31.2,36.2,52,59.9,67.7,75.6,71.8,65.6,54.9,38.4,32.2
663,1970,Ocean,24.2,32.9,37,48.8,60.8,68.6,73.8,73.9,69,57,47,35.1
664,1971,Ocean,27.1,34,38.9,47.8,57.3,69.8,73.2,72.3,69.1,61.1,44.1,41
665,1972,Ocean,33.9,31.1,39.1,46.8,59,66.1,74.6,72.1,67,50.5,42.8,39.9
666,1973,Ocean,33.8,32.1,45.4,51.5,57.6,71.4,74.9,74.8,67.7,56.6,46.6,38.2
667,1974,Ocean,35.8,31.1,42.3,52.8,59.1,66.8,74.1,73.3,65.5,51.8,46.5,38.3
668,1975,Ocean,36.2,35.1,39.2,45.6,62.5,69.3,73.9,73.7,63.9,58.9,50.4,36.5
669,1976,Ocean,27.8,39.6,44.6,53,59.7,71.5,72.5,72.1,64.9,50.8,39.5,29.7
670,1977,Ocean,20.6,33,46.1,52.5,62.1,67.6,75.1,73.9,67.8,53.5,47.2,34.2
671,1978,Ocean,28.3,23.9,37.5,48.8,57.2,68.7,71.9,74.6,64.2,53.8,47.1,37.4
672,1979,Ocean,32.4,22.5,43.9,49,61.3,65.9,72.9,73,66.2,54.3,49.1,38.5
673,1980,Ocean,31.8,29.6,39.1,51.6,62.6,67.5,75.5,75.4,68.5,53.4,41.7,31.6
674,1981,Ocean,24.8,36.8,38.5,53.4,60.8,70.2,75.7,71.5,65.6,52,45.1,34
675,1982,Ocean,24.1,34.9,40.1,48,61.4,66.6,74.1,70.4,65.3,55,47.7,41.4
676,1983,Ocean,33.1,34,42.3,49.8,58.8,69.9,76.2,74.5,67.2,55.6,46,33.8
677,1984,Ocean,27.1,38.8,35.2,48.6,59.2,71.8,73.3,73.9,63.4,59.6,44.4,41.8
678,1985,Ocean,26.7,34.6,43.3,52.7,62.8,66.9,74.3,72.2,67.7,57.6,50.6,32.2
679,1986,Ocean,32.4,31.1,42.4,50.1,63,69.8,74.6,71.4,65.9,56.8,43.9,37.7
680,1987,Ocean,30.6,30.5,42.6,50,61.4,71.2,76.4,71.5,66.5,50.9,47.3,37.3
681,1988,Ocean,26.6,33.9,42.2,48.2,60.2,68.9,76.6,75.8,64.3,50.2,46.4,34.3
682,1989,Ocean,36,33.9,40.2,48.6,59,72.2,73.6,73,67.2,56.1,44.6,24
683,1990,Ocean,39.5,40,44.2,50.1,59.2,69.8,75.1,73.4,64.7,59.9,47.5,40.9
684,1991,Ocean,33.6,39,43.2,52.5,65.6,70.7,75.6,75.1,65.7,56.2,46.3,39
685,1992,Ocean,33.7,35.6,38.4,48.1,57.2,66.5,73.1,70.1,66,52.3,44.7,36.2
686,1993,Ocean,36.7,30.2,37.9,49.7,61.3,69.4,76.7,74.1,66.1,53.6,45.1,35.3
687,1994,Ocean,26.4,30.3,39.8,53.7,58.4,71.8,77.2,70,65.1,53.7,49.9,41
688,1995,Ocean,37.1,29.7,43.2,49.2,58.8,69,76.5,74.8,66.4,58.8,42.5,31.7
689,1996,Ocean,30.4,34.5,37.2,50,58.4,70,72,72.4,67.9,55.1,39.9,39.4
690,1997,Ocean,32,39.3,41.6,48.2,57.2,67.3,74.4,72,65.5,55.2,43.6,37.5
691,1998,Ocean,40.7,40.2,44.2,52.6,62.9,68.5,74.9,74.4,69.4,55.7,45.4,41.3
692,1999,Ocean,34.8,35.8,40.7,51.2,60.7,70.8,78.9,74.2,68.1,54.1,49.9,38.7
693,2000,Ocean,31.7,36.4,46.1,50,62.5,70.9,71.5,71.9,65.8,55.4,43.5,30.4
694,2001,Ocean,31.1,35.9,39.1,51.4,62.2,71.9,71.6,76.2,65.7,55.9,50,41.8
695,2002,Ocean,38.2,38.6,42.8,54.3,59.5,69.9,76.4,75.8,68.1,55.9,44.1,35.2
696,2003,Ocean,27.6,29.7,42.4,48.2,56.4,67.8,75.2,75.6,68.1,54.2,49.7,36.6
697,2004,Ocean,25.9,34.7,43.1,52,65.7,69.9,74.1,73,68.6,54.6,47,37.5
698,2005,Ocean,31.9,35.3,38.2,51.8,56,71.8,76.5,77.2,70.4,56.9,48.5,34.3
699,2006,Ocean,39.9,35.2,42.4,53.4,61,70.6,77.3,75,65.1,54.5,50.8,42.2
700,2007,Ocean,38.1,29.5,42,49,62.8,70.4,73.9,73.8,68.5,63,44.9,37.6
701,2008,Ocean,36.2,37.6,42.7,52.3,58.1,73.3,76.3,71.7,67.8,54.8,44.7,38.7
702,2009,Ocean,28.8,36.7,41.1,52.2,61.3,67.3,72.7,75.9,65.4,54.3,50.1,36.2
703,2010,Ocean,32.3,31.9,46.5,55.7,63.9,74.2,79.1,75.6,70.1,57.1,45.9,31.5
704,2011,Ocean,28.8,36.8,41.8,54.2,63.4,72.4,78.9,74.3,69.9,56.9,50.3,41.7
705,2012,Ocean,37.2,39.9,50,53,64.8,70.3,78.3,75.4,68,57.8,42.4,42
706,2013,Ocean,35.4,34.4,39,51.3,60.6,71.4,78.2,71.9,64.9,57.7,44,37.9
707,2014,Ocean,27.9,31.3,36.8,50,61.7,70.9,74.2,71.1,67.6,57.5,43.1,40
708,2015,Ocean,29.7,24.1,37.1,51.6,65.6,70.5,75.8,75.1,71.2,55.4,50.9,49.8
709,2016,Ocean,32.8,37,47.3,50.5,60.1,70.8,77.5,77.3,70.3,57.2,47.4,37.7
710,2017,Ocean,37.5,41.7,39.7,55.6,60.2,70.6,76,71.9,68.6,60.8,45.5,34.4
711,2018,Ocean,30.6,41.1,38.8,48.3,65.2,70.3,76.3,77.7,71.3,57.5,43.9,39
712,2019,Ocean,33.2,36,40.2,55,63,71.2,78.6,75,70.2,59.3,42.6,38.3
714,1970,Passaic,19.3,27.7,33.5,47.2,59.5,66,72.3,71.8,64.9,53.5,42.9,29.6
715,1971,Passaic,22,28.5,35.2,45.8,55.4,68.2,71,69.5,65.8,57.2,39.8,35.2
716,1972,Passaic,29.4,25.7,34.6,44.8,58.9,63.8,72.7,69.5,63.8,47.5,38.3,33.5
717,1973,Passaic,30.2,27.2,42.2,49.4,55.1,69.7,72.6,72.6,63.8,54.3,43,34
718,1974,Passaic,29.2,26.8,37.8,50.5,57.3,64.7,71.7,70.6,61.5,48.2,42.5,33.8
719,1975,Passaic,31.5,31.1,35.6,43.4,62.1,67.2,71.9,70.2,59.3,54.9,46.4,31
720,1976,Passaic,22.2,33.8,39.8,51,57.1,69.5,69.6,69.6,61,48,36.6,24.6
721,1977,Passaic,17.2,28.3,42,49.8,60.8,65.2,72.6,70,63.7,50,43.1,28.7
722,1978,Passaic,23.5,20.6,33.7,47,56.6,66.4,69.9,71.7,60.6,50.6,42.4,32.2
723,1979,Passaic,27.3,18.6,40.8,47.6,60,64.9,71.6,70.6,62.5,51.2,45.4,33.5
724,1980,Passaic,27.9,25,35,50,61.3,65.3,73.5,74.2,65.7,50,38.6,26
725,1981,Passaic,19.3,33.6,36.5,51.2,59.5,67.8,73.3,69.4,62,48.2,41.8,29.4
726,1982,Passaic,18.2,29.4,35.8,46.4,60.3,63.6,71.5,67.1,62.4,51.8,44.8,36.9
727,1983,Passaic,28.4,30.6,40.1,47.5,56.7,67.9,73.6,72.3,65,52,42.5,28.9
728,1984,Passaic,22.7,34.6,31.9,47.8,57.4,69.2,70.5,72.1,60.3,56.1,41.8,37.1
729,1985,Passaic,23,30.1,39.6,51.2,61.5,64.6,71.4,70,64.7,52.6,44.7,28.6
730,1986,Passaic,27.9,26.7,39,49.6,61.9,66.5,72,68.3,61.7,52.6,39.4,33.1
731,1987,Passaic,26.4,27.7,40.2,49.9,58.8,68.8,73.6,68.7,62.7,47.7,42,34.2
732,1988,Passaic,22,28.6,38.4,47,58.4,67.3,75.1,73.7,61.7,47.3,43.2,29.9
733,1989,Passaic,31.3,29.3,37.2,46.5,58.4,68.6,71.2,69.7,64,53.4,40.9,19.6
734,1990,Passaic,35.1,34.5,40.7,49,56.4,67.8,72.5,71.2,62.5,56.8,44.6,36.8
735,1991,Passaic,27.9,34.5,41,51.4,64.4,69.8,73.5,72.7,63.3,53.3,43.2,34.7
736,1992,Passaic,30.4,32.3,35.5,46.1,57.5,65.6,70.1,67.7,62.7,49,40.7,31.8
737,1993,Passaic,31.6,24.6,33.8,48.7,60.8,67.7,74.5,72.2,62.6,49.7,41.5,31.1
738,1994,Passaic,19.6,24.3,35.7,50.6,57.8,70.1,74.7,68.6,62.4,51.5,46.6,36.1
739,1995,Passaic,32.5,26,41.4,47.6,57.1,68.3,73.9,72.6,62.6,55.6,38.1,26.9
740,1996,Passaic,25.6,28.5,34.2,48.2,56.9,68,69.9,70.6,63.8,52.3,38.4,35.5
741,1997,Passaic,27.3,35.4,38,47,55.4,66.5,72,68.9,61.9,51.9,39.5,33.2
742,1998,Passaic,35.4,37,41.2,50.8,62.2,65.8,72.4,72.5,65.4,53.2,43,38.2
743,1999,Passaic,28.8,33.3,37.6,49.9,58.8,69.1,76.7,71.7,64.9,50.9,46.3,34.7
744,2000,Passaic,26.6,32.1,43.2,47.4,59.9,67.7,68.8,68.6,62.1,52.8,41.2,26.9
745,2001,Passaic,27,31.6,35.6,49.6,60.4,68.7,69.3,74.1,63.3,53.7,46.2,38.8
746,2002,Passaic,34.3,36.2,40,51.8,56.4,68.2,74.2,73.9,65.6,51.2,41,30.7
747,2003,Passaic,23.2,24.9,37.9,45.9,56.1,65.6,72.2,73.3,64.4,50.5,45.8,33.1
748,2004,Passaic,21,30,40.9,50,63.4,67,70.6,70.8,65.8,51.8,44.3,32.6
749,2005,Passaic,26.1,31.3,34.1,51.4,55.8,70.9,73.7,74.8,68.4,53.9,44.5,29.6
750,2006,Passaic,35.3,31.6,39.2,51.5,60,68.4,75,71.9,62.3,51.5,47.6,39.4
751,2007,Passaic,33.3,24.4,37,46.5,61.6,69,71.9,70.5,65.6,59.8,40.5,32.2
752,2008,Passaic,31.3,31,38.1,51.4,55.9,70.8,74.2,69.2,65.2,50.9,41.6,32.8
753,2009,Passaic,22.8,31.9,38.4,50.8,59.6,65.8,69.7,72.8,62.4,51.1,47.2,31.3
754,2010,Passaic,28.5,29.7,44,54.1,62.6,71.1,76.2,72.5,66.4,53.8,43.1,28.9
755,2011,Passaic,24.4,29.3,38.3,51,62,69.1,75.7,71.7,66.6,53.8,46.2,37.4
756,2012,Passaic,31.7,36.2,47.8,50.8,63.5,68.2,75.7,72.8,64.8,54.9,39.5,37.3
757,2013,Passaic,30.8,29.6,36.4,49.6,59.5,69.2,76.2,69.8,62.7,54.8,40.4,32.6
758,2014,Passaic,22.9,25.7,31.7,48.2,60.8,69,73.1,69.9,65.3,55.5,39.5,36
759,2015,Passaic,24.1,17.8,32.5,49.4,64.7,67.9,73.5,72.8,68.9,52.2,46.9,44.4
760,2016,Passaic,28.6,32.9,44.6,49.3,59.1,68.5,75.2,74.9,67.6,54.4,44.9,33.2
761,2017,Passaic,33.3,36.6,35.4,53.9,58.1,68.4,73,69.9,66.7,59,41.2,30
762,2018,Passaic,25.5,35.7,36.1,45.2,63.8,68.1,74.8,74.9,67.1,53.2,39.6,35
763,2019,Passaic,27.9,31.2,36.3,52,60.1,68.1,76.2,72.3,66,55.4,38.4,32.5
765,1970,Salem,24.5,32.8,37.8,50.4,63.3,70.2,75.1,75.1,70.5,58.6,46.8,35.3
766,1971,Salem,27.3,34.2,39.8,50,59.3,72.1,74.7,72.9,69.7,62,44.7,41.2
767,1972,Salem,34.7,31.4,40.1,48.5,61.2,67.3,75.6,73.6,67.3,51.9,42.9,39.9
768,1973,Salem,34.2,32.8,46.8,52.2,59.4,73.6,76.1,76.3,68.6,57.9,46.8,37.8
769,1974,Salem,36.4,31.5,43.4,54.4,61.3,68.4,75.6,75,66.2,52.5,45.8,38.5
770,1975,Salem,36.8,35.2,40.2,47.2,64.4,70.9,75,75.4,64.4,59.4,50.2,36.1
771,1976,Salem,28.5,40.4,45.9,54.6,60.9,73.3,73.6,73.1,65.9,51.6,39.5,30.3
772,1977,Salem,21,33.4,47.6,55,64.4,68.9,76.4,75.2,69,54,47.1,34.1
773,1978,Salem,27.9,22.9,38.1,50.9,59.8,70.7,73.3,76.3,66,54.3,46.7,37.9
774,1979,Salem,32,22.4,45.4,50.1,63.2,67.6,74.5,74.2,67.5,54.5,49.6,38.1
775,1980,Salem,32,29.7,39.6,53.6,64.4,68.8,77.5,77.5,70.6,54.4,42.7,33
776,1981,Salem,25.7,37.7,40,54.8,62,72.2,76.5,72.7,66.1,52.8,44.8,34
777,1982,Salem,24.4,34.1,41.2,49.8,63.6,68.4,76.2,71.4,66.2,55.9,48,41.7
778,1983,Salem,33.8,33.7,44.1,51.3,60.6,71.2,77.4,76.6,68.7,56.6,46.4,33.1
779,1984,Salem,26.3,39.1,36,50.2,61,73,74,75,64.2,61.1,44.1,42.3
780,1985,Salem,27.3,35.6,44.9,55.6,64.4,68.9,75.4,73.4,68.5,58.3,50.5,32.7
781,1986,Salem,32.4,31.6,43.5,52,65.1,72,76.7,72.3,66.8,57.1,44.1,37.4
782,1987,Salem,31,31.5,44.2,51.6,62.8,73.7,78.7,74,67.8,51.7,47.4,38.6
783,1988,Salem,27.2,34.6,43.3,50,62,71,78.6,77.2,65.3,50.7,46.5,34.8
784,1989,Salem,36,34.4,41.3,50.7,61,73.4,75,73.5,67.8,57.3,44.6,24.5
785,1990,Salem,40,41,45.4,52.6,60.6,71.2,76.5,74,65.8,60.3,48.1,41.1
786,1991,Salem,34,39.3,45,53.8,68.3,73,76.8,75.9,66.8,56.8,45.6,39.3
787,1992,Salem,34.9,36.6,40.5,50.8,59.2,68.6,75.3,71.1,66.7,52.6,46,37.4
788,1993,Salem,37.2,30.6,38.8,51.9,64,71.4,78.4,76.1,67.6,54.7,46.1,35.6
789,1994,Salem,26,31,41,56.9,59.4,74.6,78.7,71.9,66,54.4,50.4,40.7
790,1995,Salem,37.5,31,45.2,51.8,61.4,71.3,78.2,76.3,67.9,59.6,41.8,31.6
791,1996,Salem,30.9,34,38.5,52.4,59.7,72.2,73.6,73.4,67.8,55.6,40.9,39.8
792,1997,Salem,32.5,39.7,43.8,50.4,58.8,69.7,76.1,73.2,66.1,56.2,44.1,38.1
793,1998,Salem,40.8,40.9,44.7,54.7,65.1,70.8,76,75.6,70.7,57,46.9,41.5
794,1999,Salem,35.8,37.1,41.6,52.9,62.8,71.8,79.4,75.8,68.6,54.7,50.4,39.6
795,2000,Salem,32,37.5,47.6,51.7,64.1,72.2,72.9,72.9,65.6,57.1,44.4,30.3
796,2001,Salem,31.9,37.1,40.2,53.3,63.2,72.9,72.8,77.2,65.9,57.3,50.5,42.8
797,2002,Salem,38.4,40.3,45.1,56.3,61.8,72.2,77.8,77.8,70.1,56.6,44.8,35
798,2003,Salem,29,30.2,43.8,51.3,58.4,69.3,76.2,76.6,69,54.9,50.6,36.9
799,2004,Salem,26.6,35,45.2,54,69,70.7,75.2,73.8,69.5,55.4,48.1,38
800,2005,Salem,32.8,36.2,39.5,54.7,58.5,73.4,77.8,77.9,72.5,58,49.4,34.8
801,2006,Salem,41.1,35.9,44.4,56.1,63.4,71.6,78.5,76.9,66.2,55.3,50.7,43.2
802,2007,Salem,39,28.4,44,50.7,65,72.9,76.4,76.2,70.5,63.8,45.6,37.6
803,2008,Salem,36.1,37.3,44.3,55.3,60.5,75.2,78.1,73.4,69.5,55.7,45.1,38.8
804,2009,Salem,29.5,37.3,42.6,54.3,63.2,70,74.2,77,66.7,55.5,50.2,36
805,2010,Salem,32.9,31.4,48.1,57,66,77,79.9,76.8,71.4,57.8,47,32
806,2011,Salem,28.9,36.9,43.2,56.2,66,74.4,80.7,75,70.2,56.8,50.5,42.7
807,2012,Salem,37.4,40.6,51.6,54,67.2,72.1,80.3,76.5,68.5,58.2,42.8,42.9
808,2013,Salem,35.9,34.6,40.3,53.9,63.3,73.2,79.6,73.1,66.3,59,44.4,38.5
809,2014,Salem,28.2,32.2,37.8,52.7,64,72.6,76.2,72.5,68.4,58.5,43.3,40.2
810,2015,Salem,30.3,25.4,38.4,53.9,67.9,73,76.8,75.5,72.4,56.4,51.2,50.1
811,2016,Salem,33,37.7,49.1,52.7,61.7,72.5,79.5,78.9,71.9,59.1,48.3,38.4
812,2017,Salem,38,43.2,41.6,58.2,61.6,72.7,77.6,73.3,69.5,61.8,46.4,35.2
813,2018,Salem,31.7,41.3,39.5,50.5,66.9,71.9,77.7,78.1,72.3,58.8,44.1,39.8
814,2019,Salem,33.7,36.7,41.8,57.8,65.7,73,79.5,76.5,71.6,60.2,42.8,38.4
816,1970,Somerset,21.2,29.8,35.4,48.7,61,67.6,74,73.2,66.9,55.2,44.7,31.9
817,1971,Somerset,24.2,31.1,37.5,47.6,56.8,69.8,72.6,71,67.6,58.9,41.6,37.5
818,1972,Somerset,31.4,27.8,37.1,46.6,59.9,65.4,74.3,71.2,65.7,49,40.6,35.8
819,1973,Somerset,31.8,29.7,44.2,50.7,56.9,71.5,74.3,73.9,65.8,55.4,44.7,35.8
820,1974,Somerset,31.8,29.3,40,52,59,66.3,73.5,72.3,63.8,49.7,44.2,35.8
821,1975,Somerset,33.5,32.6,37.6,44.9,63.3,69,73.5,72.1,61.2,56.8,48.1,33.5
822,1976,Somerset,24.5,36,42.2,52.5,58.6,71.4,71.5,71,62.9,49.4,37.7,26.7
823,1977,Somerset,18.4,30.4,44.1,51.6,62,66.8,74.1,71.7,65.6,51.7,45,30.7
824,1978,Somerset,25.3,22.1,35.8,48.6,57.9,68.3,71.6,73.1,62.5,51.9,44.4,34.2
825,1979,Somerset,29.7,20.8,43.1,49.4,61.3,66.1,72.6,71.8,64.4,52.4,47.2,35.3
826,1980,Somerset,29.9,27.5,37.2,51.4,61.9,66.7,75.3,75.7,68.1,52,40,28.4
827,1981,Somerset,21.7,35.6,37.4,52.5,60.9,69.5,74.7,70.8,63.7,49.6,43.4,31.5
828,1982,Somerset,21.2,31.7,38.1,47.7,61.8,65.7,73.4,68.9,64,53.4,45.8,38.8
829,1983,Somerset,30.4,32.3,41.9,48.8,58.4,69.4,75.7,74.6,66.7,54,44.2,30.8
830,1984,Somerset,24.2,36.6,33.6,48.6,58.9,70.9,72.1,72.9,62,57.9,42.8,38.8
831,1985,Somerset,24.9,32.2,41.9,52.2,62.4,65.9,73,71.4,66.3,54.8,46.6,30
832,1986,Somerset,29.9,28.8,40.9,50.6,62.9,68.5,73.5,69.7,63.6,54.6,41.3,34.9
833,1987,Somerset,28.7,30,42.4,50.8,60.4,70.5,75.2,70.3,64.3,49,44.4,36
834,1988,Somerset,23.6,31.4,40.9,48.5,60,68.6,76.7,75.1,63.1,49,44.9,32.1
835,1989,Somerset,33.2,31.8,39.2,48,59.2,70.5,72.5,71,65.6,54.4,42.2,21.9
836,1990,Somerset,36.8,37,42.4,50.1,58.1,68.8,73.8,72.1,63,57.8,46.2,38.6
837,1991,Somerset,30.2,36.6,42.6,52.2,65.5,70.5,74.2,73.4,64,54.2,44.3,36.6
838,1992,Somerset,32,34.2,37.7,48,57.7,66.4,71.6,68.7,64.2,49.6,43.2,34.1
839,1993,Somerset,34.2,27.5,35.8,50.4,61.6,68.8,76,73,64.1,51.4,42.8,33.4
840,1994,Somerset,22.1,27.3,37.6,52.8,58.4,72,76.5,69.7,64.1,51.8,47.9,38.1
841,1995,Somerset,34.9,27.8,43.2,49,58.5,69.3,75.5,74.2,64.9,57,39.6,28.8
842,1996,Somerset,27.7,31.2,36,50.6,58.2,70.1,71.2,71.8,65.6,53.6,39.9,38
843,1997,Somerset,29.3,37.5,40.4,48.3,56.9,67.4,73.6,70.4,64,53.3,41.1,35.3
844,1998,Somerset,38.2,38.6,43,51.9,63.2,68,74.3,73.9,67.4,54.6,43.8,39.9
845,1999,Somerset,31.8,35.1,40,50.7,60,70.7,78.8,73.8,66.9,51.9,47.7,36.7
846,2000,Somerset,29.5,34.3,45.2,49.9,61.8,69.8,70.4,70.4,63.9,53.9,42.8,28.6
847,2001,Somerset,28.8,34.4,37.8,51.1,61.4,70.4,70.8,74.8,64.5,54.7,48,40.8
848,2002,Somerset,36.2,37.9,42.4,53.5,58.2,69.8,76.1,75.5,67.3,52.6,42.3,32.2
849,2003,Somerset,25.7,27.3,40.6,48,56.9,66.7,74.2,74.7,66.2,51.5,47.6,34.8
850,2004,Somerset,23.7,32.3,42.2,51.6,65.3,68.5,72.3,72.1,67,52.6,45.8,34.3
851,2005,Somerset,28.8,33.6,36.4,52.5,56.5,72.4,75.9,76.4,69.7,55.6,46.6,31.3
852,2006,Somerset,37.6,33.5,41.3,53,61.2,70.1,76.4,73.4,63.7,52.7,48.9,41.3
853,2007,Somerset,35.4,25.8,40.4,47.9,62.7,70.4,73,72.8,67.4,61.1,42.2,34.3
854,2008,Somerset,33.6,33.9,40.8,52.8,57.2,72.6,76.1,70.7,67.1,52.5,42.8,35.1
855,2009,Somerset,25.5,34,40.3,52.1,61.1,67.3,71.5,74.5,64.4,52.4,49,33.5
856,2010,Somerset,30.6,31,46.1,55.2,63.9,73.4,78.2,74.5,68.7,55.5,44.1,30.2
857,2011,Somerset,26.3,32.9,40.8,53.4,63.5,71.2,77.8,73.4,68.3,55.6,48,39.4
858,2012,Somerset,34.4,38.4,49.5,52.4,65.1,69.7,77.4,74.3,66.8,56,40.8,39.4
859,2013,Somerset,33.4,31.8,38.7,51.5,60.6,71.2,77.8,71.2,64.2,56.8,42.5,34.5
860,2014,Somerset,24.7,28.1,34.6,50.2,61.6,70,73.9,70.4,66.7,56.6,41,38.2
861,2015,Somerset,26.6,21.2,34.9,51.4,66,69.8,75.2,74.4,70.8,54,49.1,46.9
862,2016,Somerset,30.5,35.5,47,51,60.4,70.6,76.9,76.4,69.3,56,46.2,35.8
863,2017,Somerset,35.6,39.2,38.1,55.6,59.6,70.2,75.1,71.1,68.1,60,43.3,32.4
864,2018,Somerset,28.1,38.3,38,47.5,64.8,69.6,75.9,76.1,69.1,55.3,41.2,36.8
865,2019,Somerset,30.8,33.7,38.7,54.4,61.9,69.6,77.4,73.8,68.2,57,40.7,34.8
867,1970,Sussex,17,25.8,32.2,46.4,59,64.8,71,69.9,63,52,41.5,27.8
868,1971,Sussex,19.6,26.1,33.2,44.6,54.4,67,69.5,67.8,64.6,55.6,38.3,33.4
869,1972,Sussex,27.5,23.5,33.3,43.1,58.2,62.9,71.6,67.8,62.4,45.7,36.6,31.8
870,1973,Sussex,28.8,25.4,41.3,48.7,54.3,69.1,71.4,71.3,61.9,52.3,41.3,32.2
871,1974,Sussex,27,25.2,36.1,49.2,55.8,63.6,69.6,68.6,59.8,46.3,41.2,32.1
872,1975,Sussex,29.4,29.4,34.1,41.7,60.9,66.1,70.7,68.7,57.6,53.3,45.2,29.4
873,1976,Sussex,20.2,32.4,38.9,49.7,55.5,68.2,67.6,67.4,59.2,46.4,34.5,22.7
874,1977,Sussex,15.5,26.8,40.7,48.7,59.5,63.5,70.9,68.3,62.3,48.7,42.1,26.9
875,1978,Sussex,21.6,18.2,32,45.6,55.7,64.8,68.3,70.2,59.1,48.8,40.6,30.1
876,1979,Sussex,25.4,17.2,39.9,47.1,58.6,63.8,70.2,68.8,60.9,49.8,43.9,31.9
877,1980,Sussex,26.5,23.2,33.7,48.6,59.6,63.3,71.7,72.2,63.8,48.2,36.1,24
878,1981,Sussex,17.4,33.2,35.2,49.8,58,66.1,71.5,67.7,60.9,46.6,40.3,27.2
879,1982,Sussex,16.7,27.6,34,44.5,58.9,62.9,70.2,65.6,61.2,50.6,43.3,35.6
880,1983,Sussex,26.6,28.9,39,46,55.6,66.6,71.7,71.2,62.8,50.6,41,27
881,1984,Sussex,21.1,33.5,30.5,46.4,55.9,67.4,69,70.3,58.8,54.6,39.5,35.1
882,1985,Sussex,21.2,28.1,38.6,49.6,59.9,62.6,69.8,68.3,63.3,51.3,42.7,26.4
883,1986,Sussex,26.6,25,37.6,48.1,60.5,64.5,70.2,66.6,60.2,51.3,37.8,31.6
884,1987,Sussex,24.3,25.9,38.7,48.7,58.2,67.4,72.2,66.9,61.3,46.1,40.7,32.7
885,1988,Sussex,20.2,26.8,37,45.8,57.6,65.2,73.4,72.1,59.7,46,41.8,28.5
886,1989,Sussex,29.8,27.8,35.6,44.7,57.2,67.1,70,67.9,62.1,51.8,39.6,17.3
887,1990,Sussex,33.5,32.7,40.1,48,55.3,65.9,70.7,69.3,60.5,55,42.8,35.2
888,1991,Sussex,26.1,32.9,39.7,50,63.3,68,71.3,70.8,61.3,51.4,41.1,32.8
889,1992,Sussex,28.4,30.4,33.6,45.1,56.2,63.7,68.4,65.8,61,47.1,38.9,29.9
890,1993,Sussex,30,22.9,32,47.6,59.4,66,72.3,70.4,60.6,48.2,39.4,28.9
891,1994,Sussex,17.2,22.4,34.2,49.9,56.2,68.4,73.1,67,60.5,49.7,44.6,34.3
892,1995,Sussex,30.9,24.3,40.1,45.6,55.6,67.2,72.6,71,60.7,54,36.2,24.7
893,1996,Sussex,22.9,27.4,32.8,46.8,55.4,66.4,68.4,69.1,62.3,50.7,36.7,34.3
894,1997,Sussex,25.2,33.4,36.3,45.2,53.7,65.4,70.1,67.1,60.3,50.3,37.6,31.3
895,1998,Sussex,33.2,34.9,39.7,49.2,61.6,65,70.7,71.2,64.1,51.8,40.9,36.3
896,1999,Sussex,26.6,31.1,36.1,47.3,57.8,68,75.3,69.8,64.1,49.2,44.8,33.2
897,2000,Sussex,25.1,29.5,42.1,46.6,58.8,66.2,67.2,67.3,60.4,50.9,39.4,24.6
898,2001,Sussex,25.2,29.7,33.9,48.4,58.9,67.1,67.5,72.6,61.4,52.2,44.7,36.6
899,2002,Sussex,33,34.9,39,50,55.1,66.7,72.8,72.3,64.8,49,39.5,28.9
900,2003,Sussex,20.9,23.9,36.8,45.1,55.2,63.8,70.9,71.6,62.9,49.3,44.3,31.4
901,2004,Sussex,19.3,28.2,39.2,48.6,62,64.8,69,69.1,63.8,50.2,42.9,30.5
902,2005,Sussex,23.4,29,32.3,49.8,53.8,70.1,72.3,72.6,66.4,52.4,42.9,26.8
903,2006,Sussex,34.2,30,37.5,49.3,58.5,66.2,73.4,69.4,60.2,49.5,45.4,37.8
904,2007,Sussex,31.9,22.6,35,45.1,59.8,67.9,70.1,69.4,63.9,58.1,38.9,30.5
905,2008,Sussex,29.7,29.1,36.2,50.2,53.8,69.5,72,67.4,63.6,48.8,40.6,31.1
906,2009,Sussex,20.4,29.9,37.3,49.5,57.6,64.8,67.5,70.8,60.7,49.1,45.2,29.2
907,2010,Sussex,27,28.5,42.9,52.7,61.1,69.2,74.1,70.9,64.5,51.9,41.1,27.3
908,2011,Sussex,22.4,27.2,36.7,49.6,60.6,67.7,73.4,69.8,65.3,52.6,44.4,35.9
909,2012,Sussex,30,35,46.6,49,62.7,66.4,73.8,70.8,62.8,53.4,38.7,36
910,2013,Sussex,28.8,28.2,35.2,48.3,58.5,68,75.1,68.4,61.1,53.7,38.9,30.7
911,2014,Sussex,20.4,22.9,29,47.1,59.8,67.6,71.4,68.1,63.3,54.4,38,34.6
912,2015,Sussex,21.8,15.4,30.3,47.7,63.3,66.3,71.2,70.3,67.2,50.5,45.2,42.4
913,2016,Sussex,26.7,31,43,47.2,57.5,66.8,73.1,72.8,65.9,52.5,42.6,31
914,2017,Sussex,31.1,34.6,33.3,52.4,56.7,66.2,71.3,68.1,65,57,39.5,28
915,2018,Sussex,22.9,33.3,34.4,43.2,62,66.4,73.2,73.4,66,51.7,37.9,33.4
916,2019,Sussex,26.3,29.3,34.2,50.4,59,66.4,74.2,70.5,64.4,53.6,36.8,30.4
918,1970,Union,22.5,30.8,36.2,49.2,61.7,68.7,74.8,74.3,68,56.1,45.7,32.6
919,1971,Union,25.1,31.9,38,48,57.4,70.7,73.6,72,68.4,59.7,42.4,38.5
920,1972,Union,32.3,28.6,37.6,46.8,60.3,66.1,75.1,72.4,66.4,49.9,41.2,36.6
921,1973,Union,32.5,30.4,44.8,51.3,57.5,72.1,75.2,75.1,66.9,56.6,45.7,36.8
922,1974,Union,32.8,30.3,40.7,52.8,59.4,67.1,74.2,73.4,64.7,50.8,45.1,36.9
923,1975,Union,34.5,33.4,38.3,45.8,64,69.5,74.5,73,62.2,57.6,49.5,34.3
924,1976,Union,25.6,37.6,42.9,53.3,59.9,72.1,72.6,72.3,64.1,50.9,38.6,28
925,1977,Union,20.1,31.6,45,51.9,63.2,68,75.3,72.7,66.4,52.8,45.9,32
926,1978,Union,26.1,23.7,36.8,49,58.6,69.2,72.5,74.3,63.8,53.7,45.3,35.4
927,1979,Union,30.7,21.8,43.8,49.8,62,66.8,73.9,72.9,65.6,53.4,48.2,36.7
928,1980,Union,31,28.2,37.9,51.6,63.1,67.8,76.4,76.4,68.9,52.6,41,29.6
929,1981,Union,22.8,36.2,38.5,53.2,61.2,70.5,75.7,72,64.5,50.8,44.3,32.7
930,1982,Union,22.6,33,38.8,48.3,62.2,66.2,74.4,70.1,65.1,55,47,39.9
931,1983,Union,31.5,33.4,42.5,49.7,58.6,70.5,77,75.1,67.9,54.9,45.2,32.1
932,1984,Union,25.5,37.5,34.3,49.4,59.5,72.4,73.4,74.1,63.4,58.8,43.7,39.6
933,1985,Union,25.1,32.7,42.5,53,63.4,66.7,73.9,72.5,67.4,55.4,47.1,31
934,1986,Union,31,29.6,41.7,51.1,63.7,69.5,74.2,70.9,65,55.3,42.2,35.9
935,1987,Union,29.5,30.9,42.8,51,61.1,71.6,76.2,71.5,65.4,50.5,45.3,37
936,1988,Union,25.6,32.3,41.8,48.7,60.7,69.9,77.4,76.5,64.6,49.8,45.9,33.3
937,1989,Union,34.4,32.3,40.1,49.4,60.2,71.3,73.8,72.5,66.7,55.6,43,23
938,1990,Union,37.9,37.9,43,50.6,58.5,69.9,74.7,73.4,64.9,59.1,47.2,39.7
939,1991,Union,31.4,37.3,43.1,53,66.4,71.6,75.2,74.7,65.1,55.6,45.5,37.3
940,1992,Union,33,34.6,37.7,48,58.5,67.7,72.6,70,65.2,51.2,43.9,35.3
941,1993,Union,34.9,27.8,36.5,50.8,62.4,70,77.2,74.2,64.9,52.5,43.9,34.2
942,1994,Union,23.2,27.8,38.3,53.5,59.2,73.1,77.4,71.1,65.1,53.4,48.5,39.2
943,1995,Union,35.8,28.7,43.7,49.8,59.4,70.1,76.4,75,65.7,58.1,40.7,30
944,1996,Union,28.8,32,36.8,50.8,58.7,70.5,72,72.7,66.5,54.3,40.9,38.9
945,1997,Union,29.7,38.1,40.5,49.1,57.6,68.7,74.8,71.5,64.8,54.3,42.2,36.2
946,1998,Union,38.8,39.3,43.8,52.4,63.4,68.6,75.6,75.1,68.4,55.7,45.5,41
947,1999,Union,32.5,36.3,40.8,51.7,61,72.1,79.6,74.6,67.5,53,48.6,37.8
948,2000,Union,30.3,35.3,45.8,50,62.2,70.4,71.5,71.4,64.7,54.8,43.6,29.6
949,2001,Union,30.3,34.7,38.3,51.9,62.1,71.3,72.2,76.5,65.7,55.7,49.6,42
950,2002,Union,37.6,38.9,42.9,54.2,59,70.5,77.3,76.6,68.5,53.7,43.4,33.6
951,2003,Union,26.3,28.1,41.3,48.3,57.6,67.7,75.2,75.8,66.9,52.9,48.4,35.6
952,2004,Union,24.4,33,42.7,52.3,65.4,69.9,73.4,73,68.2,53.7,46.7,36
953,2005,Union,29.7,34.4,37,53.1,57.4,73.1,76.8,78,71.1,56.1,47.6,32.6
954,2006,Union,38.5,34.2,41.5,54,62,70.8,77.6,74.7,64.8,53.8,49.9,42.2
955,2007,Union,36.2,26.8,40.6,48.6,63.5,71.3,74.3,73.4,68.4,62.1,43.1,35.3
956,2008,Union,34.3,34.4,41,53.2,58.1,73.4,77.2,72.1,68.1,53.6,43.9,36.2
957,2009,Union,26.4,35,40.8,52.8,61.9,68,72.9,75.8,65.6,53.4,49.9,34.3
958,2010,Union,31.4,32.2,46.6,56,64.9,74.5,79.8,75.4,69.6,56.6,45.6,31.4
959,2011,Union,27.7,34.2,41.8,53.9,64,72.2,79.3,74.6,69.2,56.1,49.2,40.9
960,2012,Union,35.9,39.6,50.4,53.7,65.3,71,79,75.9,68.1,57.3,42.2,40.2
961,2013,Union,34.8,33,39.4,52,61.4,72.1,79.1,72.8,65.6,57.9,43.4,36
962,2014,Union,26.4,29.1,35.8,50.9,62.5,70.8,75.2,72.2,67.9,57.8,42.7,39.3
963,2015,Union,27.7,22.1,36,52.1,66.9,70.5,76.9,76.4,72.2,55.4,50.3,48.3
964,2016,Union,32.3,36.5,47.9,52.1,61.4,71.6,78.2,78,70.6,57.4,47.8,36.9
965,2017,Union,37.2,40.3,38.7,56.6,60.4,71.5,76.2,72.6,69.6,61.8,44.6,33.8
966,2018,Union,29.8,39.9,39.1,48.2,65.7,70.7,77.3,77.2,69.7,55.6,42.2,37.9
967,2019,Union,31.4,34.8,39.6,54.6,62,70.8,78.8,74.7,69.1,58.2,41.6,36
969,1970,Warren,18,26.7,33,46.8,59.5,65.1,71.7,70.4,64,53,42.6,29
970,1971,Warren,20.9,27.8,34.8,45.5,54.8,67.9,69.9,68.2,65.1,56.4,39,34.5
971,1972,Warren,28.4,24.6,34.6,44.1,58.6,63.3,71.8,68.6,63.1,46.5,37.8,33
972,1973,Warren,29.1,26.8,42.4,48.6,54.6,69.4,71.7,71.5,62.9,53.3,42.2,32.9
973,1974,Warren,28.6,26.7,37.3,50,57,64.3,70.7,69.5,60.6,47.1,41.5,32.6
974,1975,Warren,30,30,35.1,42.9,61.6,67,71.2,69.5,58.2,54.6,45.8,30.3
975,1976,Warren,21.3,33,39.6,50.5,55.7,69.1,68.4,68,60.2,47.2,35,23.5
976,1977,Warren,15.8,27.5,41.7,49.3,59.8,64.1,71.2,68.9,62.8,49.4,42.5,27.5
977,1978,Warren,22.5,19.1,32.9,46,56.2,65.4,68.7,70.8,60,49.4,41.1,31
978,1979,Warren,26.2,17.9,40.2,47.2,59.2,64.1,70.4,69.3,61.7,50.4,44.4,32.7
979,1980,Warren,27.6,24.2,34.4,49.1,59.9,64,72.6,73.1,65,49,37,25.5
980,1981,Warren,19.1,33.5,35.5,50.2,58.5,66.9,72,68.4,61.6,47.5,40.9,28.1
981,1982,Warren,18,28.7,35.2,45,59.5,62.8,70.6,65.8,61.7,51.4,43.7,36.1
982,1983,Warren,27.6,29.7,39.7,46.4,55.9,66.6,72.3,71.9,63,51.1,41.8,27.7
983,1984,Warren,21.6,34.9,31.4,47.1,56.4,67.9,69.6,70.5,59.1,55.4,40,35.9
984,1985,Warren,22,29.2,39.3,50.4,60.2,63,70.3,69.1,63.9,52.7,44,27.2
985,1986,Warren,27.4,26.4,39.1,48.6,61.2,65.8,70.9,67,60.9,52.4,38.2,32.2
986,1987,Warren,25.8,27.3,39.8,49.7,58.7,68.7,72.9,67.5,61.8,46.5,41.4,33.5
987,1988,Warren,21,28.1,37.9,46.7,58.6,66.2,74.3,72.6,60,46.4,42.2,29.6
988,1989,Warren,30.6,28.9,36.5,45.8,57.2,67.9,70.3,68.5,62.8,52.4,40,18.6
989,1990,Warren,33.9,34,40.5,48.3,56,66.1,71.6,69.6,61.3,55.5,43.7,35.8
990,1991,Warren,26.8,33.4,40,50.3,63.7,68.4,71.7,71.1,61.6,51.6,41.6,33.3
991,1992,Warren,29.3,31.4,34.9,46.3,56.2,63.9,69.3,66.2,61.2,47.1,40.1,30.7
992,1993,Warren,31,24.3,32.7,47.9,59.7,66.6,73.4,70.9,61.9,49,40.2,30
993,1994,Warren,18.2,23.4,35,50.7,56.4,69.3,73.9,67.8,61.8,50.3,45,34.8
994,1995,Warren,31.3,24.9,40.8,46.3,56.3,67.7,73.3,71.7,61.2,54.6,36.8,25.5
995,1996,Warren,23.4,27.9,33.3,47.7,55.8,67.3,68.6,69.5,62.9,51.3,37.3,34.6
996,1997,Warren,25.8,33.8,37.7,45.9,54.3,65.9,70.7,67.7,61,51.1,38.2,32.1
997,1998,Warren,34.4,35.9,40.2,49.8,62.4,66.1,71.4,71.8,64.3,52.5,41.6,37.1
998,1999,Warren,28,32.1,37.1,48.1,58.6,68.6,76.4,70.6,64.6,49.7,45,33.8
999,2000,Warren,25.8,30.6,43,47.6,59.6,67.2,67.5,67.6,61.2,51.9,40.3,25.4
1000,2001,Warren,26.2,30.7,35.4,48.8,59.2,68,68.4,72.6,62,52,45,37.4
1001,2002,Warren,33.4,35.1,39,50.9,56.1,67.9,73.6,73.6,65.1,50.1,40.2,29.2
1002,2003,Warren,22.7,24.7,37.2,46.3,55.9,64.3,71.8,72.4,63.5,49.5,45.6,32
1003,2004,Warren,21.1,29.8,39.7,49.6,63.6,65.3,69.8,69.5,64.6,51.1,44,31.3
1004,2005,Warren,26.2,31.5,33.8,51.3,54.4,70.6,73.2,73.3,67.1,53.5,43.8,28.2
1005,2006,Warren,35.1,32,39.3,51,59.1,67.3,73.6,70,60.8,50.3,46.4,38.9
1006,2007,Warren,32.7,23.6,37.2,45.7,60.2,68.2,70.2,70.2,64.9,59.6,40.2,31.7
1007,2008,Warren,30.8,30.7,38.4,51.4,54.7,69.9,72.9,68.3,64.5,49.7,41.5,32.6
1008,2009,Warren,22.9,31.9,38.7,50.7,59,65,68.4,71.6,61.5,50.1,46.8,31
1009,2010,Warren,28.3,29.6,44.2,53,61.6,69.6,75.2,71.6,65.8,52.6,41.9,28.2
1010,2011,Warren,23.6,30.6,38.2,50.8,61,68.4,74.9,70.5,65.6,52.9,45.1,37.2
1011,2012,Warren,31.2,36,48,49.7,63.7,67.4,75.2,71.6,63.8,53.6,39.2,36.2
1012,2013,Warren,30,29.2,36.9,49.4,59.1,68.2,74.8,68.3,61.5,54.3,39.4,30.8
1013,2014,Warren,20.8,24.2,31.7,48.4,60.5,68.1,71.4,68.5,64.1,54.5,38.8,35.4
1014,2015,Warren,23.6,17.8,32,49,64.1,67.2,71.8,70.6,67.4,51.4,46.5,43.4
1015,2016,Warren,27.5,32.8,43.9,48.6,58.7,68.2,74.4,73.8,67,53.4,43.8,32.6
1016,2017,Warren,32.2,36.6,35.2,53.7,57.7,67.7,72.7,68.6,65.7,57.5,40.8,29.9
1017,2018,Warren,24.6,34.8,35.5,44.9,63,67.7,73.8,73.7,66.7,53.2,39.1,34.5
1018,2019,Warren,28,30.7,36,51.9,60.3,67.5,75.4,71.6,65.6,54.6,38.3,32
1020,1970,NJ,22.4,30.9,36,48.8,61.2,68.1,73.7,73.5,67.8,56.1,45.4,33.1
1021,1971,NJ,25.3,32.1,37.8,47.7,57.2,70,72.9,71.3,67.9,59.8,42.6,38.9
1022,1972,NJ,32.4,29.1,37.8,46.7,59.7,65.7,74.3,71.6,65.9,49.7,41.2,37.5
1023,1973,NJ,32.6,30.5,44.7,51,57.3,71.5,74.5,74.4,66.5,56.1,45.3,36.6
1024,1974,NJ,33.5,29.9,41,52.5,59.2,66.6,73.6,72.6,64.4,50.5,44.7,36.6
1025,1975,NJ,34.5,33.5,38.3,45.3,63.1,69.1,73.5,73,62.2,57.6,48.9,34.4
1026,1976,NJ,26,37.7,43.2,52.8,59,71.4,71.8,71.3,63.7,50,38.3,28
1027,1977,NJ,19.4,31.5,45,52.2,62.3,67,74.6,72.8,66.6,52.4,45.9,32.1
1028,1978,NJ,26.5,22.5,36.4,48.8,57.8,68.4,71.6,74,63.4,52.7,45.2,35.5
1029,1979,NJ,30.4,21.2,43.4,49.2,61.5,66,72.9,72.3,65.2,53.1,47.9,36.4
1030,1980,NJ,30.5,28,37.8,51.6,62.4,67,75.3,75.6,68.2,52.4,40.8,30
1031,1981,NJ,23,36.1,38.2,53,60.6,69.9,74.9,71,64.4,50.8,43.6,32.3
1032,1982,NJ,22.2,32.6,38.9,47.7,61.6,66,73.7,69.5,64.4,54.1,46.6,39.7
1033,1983,NJ,31.5,32.6,42.1,49.3,58.6,69.4,75.7,74.4,66.7,54.5,44.9,31.8
1034,1984,NJ,25.3,37.6,34.5,48.7,59.1,71.1,72.4,73.4,62.6,58.7,43.1,40.2
1035,1985,NJ,25.4,33.1,42.5,52.9,62.7,66.5,73.4,71.7,66.7,56,48.3,30.8
1036,1986,NJ,30.7,29.6,41.6,50.3,63.1,69.2,74.2,70.4,64.5,55.4,42.4,35.9
1037,1987,NJ,29.3,30,42.2,50.4,61,71.1,75.9,71.2,65.4,49.9,45.5,36.7
1038,1988,NJ,25,32.3,41.3,48.5,60.1,68.8,76.5,75.4,63.4,49.3,45.3,33
1039,1989,NJ,34.3,32.4,39.7,48.6,59.4,71.2,73,71.8,66,55.4,43.1,22.7
1040,1990,NJ,38,38.3,43.3,50.4,58.5,69.2,74.4,72.6,63.9,58.7,46.6,39.5
1041,1991,NJ,31.6,37.3,43,52.4,66,70.9,75,74.2,64.8,55.1,44.9,37.5
1042,1992,NJ,32.8,34.6,38,48.3,57.7,66.7,72.5,69.4,64.8,50.8,43.9,35
1043,1993,NJ,35.1,28.4,36.6,50.3,61.9,69.3,76.3,73.6,65.1,52.4,43.9,33.8
1044,1994,NJ,23.7,28.4,38.7,53.7,58.3,72.2,76.8,70.1,64.2,52.7,48.6,38.9
1045,1995,NJ,35.6,28.8,43.3,49.4,59,69.4,76.1,74.3,65.5,57.8,40.5,29.8
1046,1996,NJ,28.8,32,36.5,50.5,58.3,70.1,71.7,71.9,66.2,54.1,39.8,38.4
1047,1997,NJ,30.3,38,41.2,48.4,57.1,67.8,74,71,64.4,54.2,42.1,36.1
1048,1998,NJ,38.8,39.1,43.2,52.4,63.3,68.5,74.4,74.1,68.2,55.2,44.7,40
1049,1999,NJ,33.1,35.4,40,50.8,60.5,70.6,78.4,73.8,67.2,53,48.6,37.6
1050,2000,NJ,30,35.3,45.6,49.8,62,70.3,71,71,64.4,54.9,43,29
1051,2001,NJ,29.8,35,38.2,51.4,61.6,71,71.1,75.5,64.8,55.4,48.8,41.1
1052,2002,NJ,36.9,38.4,42.9,53.9,59.2,70.1,76.1,75.8,67.8,54.1,43.2,33.3
1053,2003,NJ,26.4,28.2,41.3,48.5,56.9,67.4,74.5,75.1,66.9,52.9,48.5,35.5
1054,2004,NJ,24.6,33.1,42.8,51.9,66,69,73.2,72.4,67.6,53.6,46.4,35.6
1055,2005,NJ,30.1,34.2,37.1,52.5,56.6,72.1,76,76.4,70.2,56.3,47.4,32.5
1056,2006,NJ,38.7,34.2,41.8,53.4,61.4,70.1,76.7,74.2,64.3,53.6,49.6,41.7
1057,2007,NJ,36.7,27.1,40.9,48.6,62.8,70.6,73.7,73.4,68,62.1,43.5,35.6
1058,2008,NJ,34.3,35.2,41.7,53,57.9,73,76,71.3,67.4,53.4,43.7,36.6
1059,2009,NJ,26.9,35.1,40.8,52.5,61.3,67.6,72,74.9,64.7,53.4,49.2,34.4
1060,2010,NJ,31.2,31.1,46.2,55.5,64,73.9,78.3,74.9,69.2,56,45,30.8
1061,2011,NJ,27.2,34.4,41.2,53.9,63.7,71.9,78.4,73.5,68.9,55.8,48.9,40.5
1062,2012,NJ,35.6,38.9,49.8,52.6,65.1,70,77.8,74.7,67,56.8,41.5,40.6
1063,2013,NJ,33.9,32.8,38.6,51.5,60.9,71.2,77.8,71.4,64.4,57.1,42.9,36
1064,2014,NJ,26,29.5,35.4,50.3,62,70.6,74.1,70.8,66.9,57,42,38.7
1065,2015,NJ,27.9,22.3,35.9,51.5,66.1,70.3,75.2,74.3,70.7,54.5,49.7,48
1066,2016,NJ,31.4,36,47,50.7,60.2,70.6,77.2,76.9,69.7,56.7,46.7,36.3
1067,2017,NJ,36.2,40.4,38.9,55.9,60,70.4,75.5,71.6,68.2,60.4,44.4,33.2
1068,2018,NJ,29.2,39.4,38.3,48,65.2,70.1,76.2,76.8,70.2,56.4,42.5,37.8
1069,2019,NJ,31.6,34.6,39.5,54.8,62.8,70.6,77.9,74.4,69,58.1,41.3,36.3